0.0293817000929,0.125,0.128,0.122,0.028,5.052,8.248,10.477,3.316,0.113,0.119,0.242,0.093,0.198,0.21,0.502,0.619,0.115,0.224,0.273,0.195,0.19,0.451,0.439,0.357,0.149,1.474,0.977,2.851,0.348,1.928,1.749,4.056,0.166,1.768,1.263,1.589,0.21,1.463,1.267,3.463,0.107,0.167,0.149,0.046,0.213,0.165,0.088,0.01,0.17,0.122,0.091,0.036,0.092,0.17,0.151,0.018,0.195,0.05,0.079,0.024,0.113,0.272,0.116,0.071,0.458,0.218,0.161,0.081,7.373,5.683,11.397,4.254,7.101,9.217,10.327,3.723,1.657,8.148,10.194,2.88,5.187,14.243,10.998,1.778,5.467,13.617,9.143,2.799,3.417,10.348,9.598,1.121,3.443,16.005,12.139,2.445,7.118,13.178,7.189,2.656,4.705,7.165,6.956,2.89,4.313,10.687,5.852,4.619,6.526,12.904,7.869,2.635,4.642,6.869,5.89,3.174,3.9,7.924,4.86,3.429,2.181,4.012,4.674,2.754,1.705,9.613,7.842,2.592
0.14913470007,0.115,0.099,0.12,0.028,5.212,9.252,9.632,3.153,0.116,0.108,0.239,0.097,0.209,0.199,0.457,0.617,0.122,0.216,0.246,0.204,0.173,0.413,0.406,0.375,0.12,1.529,0.93,2.877,0.334,1.863,1.504,4.124,0.172,1.711,1.14,1.667,0.162,1.489,1.145,3.499,0.109,0.156,0.148,0.056,0.19,0.184,0.077,0.009,0.175,0.149,0.105,0.043,0.103,0.173,0.144,0.016,0.171,0.037,0.061,0.028,0.094,0.319,0.123,0.086,0.445,0.231,0.16,0.081,6.917,5.653,11.007,4.374,7.498,9.049,9.894,3.747,1.698,8.637,9.252,2.821,6.95,15.034,10.145,1.767,6.564,13.978,8.3,2.76,4.873,10.683,8.627,1.167,3.294,16.21,9.687,2.631,6.775,12.927,6.826,2.63,5.619,7.706,7.213,2.872,5.031,11.169,5.043,4.526,6.941,12.928,8.067,2.469,5.541,7.689,5.478,3.207,5.143,8.776,4.503,3.463,2.381,4.434,4.63,2.815,2.014,10.372,7.983,2.646
0.269459499978,0.121,0.069,0.112,0.027,5.369,9.949,8.921,3.035,0.132,0.093,0.222,0.101,0.211,0.204,0.414,0.612,0.13,0.203,0.228,0.23,0.152,0.36,0.371,0.405,0.114,1.506,0.868,2.913,0.33,1.727,1.325,4.219,0.173,1.561,0.979,1.766,0.143,1.446,1.039,3.561,0.132,0.144,0.149,0.068,0.162,0.197,0.068,0.01,0.172,0.17,0.121,0.049,0.116,0.172,0.146,0.018,0.158,0.029,0.052,0.035,0.102,0.36,0.137,0.105,0.442,0.225,0.164,0.079,6.902,5.557,10.356,4.486,8.099,8.47,9.741,3.765,1.972,9.208,8.593,2.77,8.877,15.176,9.646,1.778,7.807,13.833,7.857,2.709,6.624,10.497,7.889,1.241,3.267,16.147,7.933,2.811,6.151,12.546,7.067,2.56,6.292,7.829,7.229,2.905,5.59,11.225,4.472,4.468,7.384,12.6,8.288,2.365,6.243,8.427,4.984,3.258,6.348,9.343,4.523,3.515,2.665,4.816,4.404,2.889,2.252,10.813,8.43,2.685
0.405501000001,0.142,0.045,0.102,0.027,5.469,10.321,8.668,2.951,0.166,0.082,0.196,0.102,0.201,0.231,0.385,0.596,0.133,0.203,0.227,0.261,0.13,0.322,0.342,0.441,0.138,1.447,0.836,2.951,0.327,1.606,1.228,4.323,0.167,1.396,0.853,1.862,0.141,1.361,0.951,3.637,0.167,0.132,0.152,0.076,0.138,0.202,0.065,0.013,0.16,0.177,0.134,0.052,0.125,0.169,0.159,0.022,0.153,0.029,0.05,0.041,0.125,0.378,0.151,0.125,0.427,0.201,0.17,0.073,7.085,5.473,9.628,4.536,8.626,7.925,9.88,3.751,2.406,9.958,8.383,2.743,10.384,14.967,9.709,1.788,8.75,13.541,8.11,2.645,8.094,10.066,7.549,1.309,3.288,16.294,7.166,2.926,5.463,12.4,7.931,2.452,6.543,7.569,7.062,2.969,6.164,10.924,4.185,4.467,7.791,12.202,8.576,2.338,6.509,8.923,4.609,3.316,7.425,9.556,4.95,3.591,2.864,5.151,4.079,2.933,2.405,11.086,9.185,2.707
0.524667900056,0.168,0.031,0.092,0.026,5.446,10.437,8.965,2.888,0.216,0.08,0.167,0.099,0.182,0.277,0.372,0.568,0.135,0.229,0.245,0.286,0.113,0.322,0.328,0.473,0.191,1.4,0.859,2.972,0.316,1.564,1.198,4.41,0.153,1.294,0.802,1.925,0.144,1.27,0.869,3.705,0.206,0.126,0.158,0.079,0.133,0.2,0.064,0.017,0.143,0.168,0.139,0.051,0.127,0.166,0.177,0.027,0.153,0.037,0.053,0.043,0.15,0.362,0.157,0.137,0.38,0.165,0.176,0.064,7.198,5.451,9.029,4.488,8.832,7.815,10.238,3.671,2.96,10.866,8.658,2.743,10.969,14.732,10.291,1.778,9.057,13.431,9.094,2.578,8.746,9.62,7.558,1.348,3.26,16.933,7.22,2.947,4.836,12.586,9.056,2.341,6.353,7.08,6.82,3.03,6.725,10.377,4.1,4.52,8.057,11.879,8.814,2.381,6.283,9.107,4.504,3.366,8.34,9.498,5.655,3.694,2.873,5.425,3.781,2.917,2.457,11.392,10.068,2.714
0.644386600005,0.192,0.03,0.085,0.024,5.253,10.41,9.628,2.86,0.268,0.089,0.141,0.09,0.161,0.336,0.372,0.529,0.142,0.287,0.276,0.294,0.103,0.366,0.33,0.494,0.26,1.397,0.943,2.955,0.294,1.618,1.194,4.457,0.136,1.292,0.833,1.94,0.143,1.209,0.793,3.745,0.241,0.128,0.165,0.073,0.159,0.195,0.065,0.02,0.124,0.145,0.134,0.046,0.122,0.163,0.19,0.031,0.15,0.055,0.058,0.04,0.17,0.312,0.153,0.137,0.306,0.127,0.175,0.053,7.079,5.508,8.729,4.354,8.497,8.317,10.702,3.523,3.404,11.749,9.324,2.771,10.307,14.738,11.151,1.737,8.53,13.677,10.489,2.525,8.268,9.297,7.801,1.345,3.137,18.03,7.807,2.885,4.311,12.883,10.053,2.269,5.867,6.567,6.695,3.063,7.22,9.699,4.196,4.603,8.036,11.588,8.924,2.471,5.663,9.036,4.773,3.398,8.981,9.354,6.477,3.811,2.711,5.625,3.683,2.84,2.42,11.836,10.836,2.719
0.779341000016,0.208,0.044,0.081,0.02,4.881,10.328,10.264,2.899,0.303,0.103,0.123,0.077,0.146,0.4,0.377,0.483,0.159,0.366,0.314,0.285,0.102,0.438,0.347,0.498,0.326,1.442,1.071,2.892,0.279,1.735,1.199,4.457,0.12,1.376,0.927,1.911,0.131,1.204,0.737,3.745,0.268,0.139,0.171,0.062,0.216,0.19,0.067,0.022,0.112,0.115,0.12,0.039,0.11,0.158,0.191,0.032,0.14,0.08,0.064,0.033,0.179,0.241,0.144,0.127,0.231,0.099,0.166,0.043,6.748,5.615,8.744,4.185,7.597,9.284,11.135,3.341,3.642,12.318,10.127,2.834,8.624,15.069,12.044,1.664,7.377,14.234,11.844,2.506,6.856,9.111,8.191,1.293,2.986,19.262,8.754,2.78,3.852,12.919,10.721,2.254,5.263,6.174,6.801,3.06,7.532,9.031,4.544,4.685,7.64,11.174,8.897,2.581,4.85,8.826,5.366,3.399,9.232,9.32,7.292,3.923,2.402,5.716,3.857,2.722,2.344,12.364,11.3,2.737
0.89908880007,0.215,0.068,0.08,0.016,4.341,10.237,10.599,3.027,0.307,0.115,0.114,0.063,0.142,0.464,0.385,0.435,0.186,0.444,0.347,0.265,0.109,0.511,0.374,0.483,0.368,1.512,1.213,2.79,0.282,1.851,1.209,4.412,0.108,1.496,1.043,1.853,0.114,1.251,0.734,3.704,0.285,0.155,0.173,0.049,0.286,0.19,0.071,0.022,0.108,0.087,0.101,0.032,0.095,0.148,0.179,0.03,0.123,0.106,0.072,0.025,0.177,0.167,0.136,0.111,0.183,0.088,0.152,0.036,6.36,5.776,8.996,4.033,6.365,10.387,11.398,3.175,3.526,12.348,10.789,2.939,6.423,15.568,12.822,1.58,5.874,14.899,12.884,2.531,4.974,9.005,8.661,1.207,2.822,20.171,9.959,2.679,3.378,12.413,11.041,2.288,4.659,5.942,7.105,3.03,7.575,8.532,5.147,4.754,6.678,10.49,8.751,2.693,4.042,8.591,6.043,3.365,9.003,9.54,7.981,4.015,2.037,5.685,4.242,2.586,2.283,12.808,11.374,2.791
1.01956869999,0.211,0.095,0.082,0.013,3.671,10.11,10.734,3.211,0.278,0.117,0.113,0.051,0.147,0.517,0.402,0.394,0.215,0.496,0.367,0.242,0.123,0.556,0.4,0.451,0.375,1.566,1.349,2.674,0.315,1.909,1.233,4.345,0.099,1.585,1.139,1.782,0.101,1.321,0.802,3.631,0.3,0.168,0.168,0.036,0.345,0.197,0.08,0.022,0.113,0.068,0.082,0.026,0.082,0.132,0.158,0.025,0.108,0.126,0.082,0.019,0.166,0.108,0.134,0.095,0.176,0.096,0.134,0.034,6.075,6.02,9.43,3.907,5.112,11.276,11.516,3.059,3.15,11.787,11.244,3.066,4.346,15.878,13.445,1.524,4.478,15.364,13.73,2.58,3.177,8.884,9.153,1.114,2.735,20.346,11.318,2.624,2.863,11.353,11.112,2.343,4.113,5.804,7.525,2.989,7.246,8.285,5.919,4.819,5.411,9.513,8.513,2.799,3.374,8.356,6.607,3.312,8.302,9.976,8.564,4.084,1.664,5.532,4.778,2.455,2.255,12.948,11.184,2.881
1.156082,0.198,0.115,0.091,0.012,3.008,9.868,11.041,3.398,0.229,0.112,0.115,0.041,0.158,0.55,0.435,0.37,0.237,0.502,0.372,0.221,0.142,0.558,0.427,0.406,0.352,1.564,1.477,2.576,0.367,1.884,1.29,4.282,0.092,1.594,1.195,1.718,0.107,1.375,0.938,3.551,0.326,0.171,0.159,0.028,0.371,0.21,0.093,0.021,0.123,0.061,0.071,0.022,0.081,0.114,0.141,0.021,0.107,0.135,0.101,0.018,0.154,0.071,0.14,0.084,0.204,0.117,0.12,0.036,5.953,6.339,10.049,3.81,4.128,11.736,11.706,3.001,2.608,10.746,11.616,3.188,2.858,15.633,13.917,1.534,3.468,15.341,14.677,2.624,1.838,8.659,9.638,1.047,2.718,19.564,12.722,2.629,2.37,9.922,11.16,2.387,3.832,5.648,7.938,2.961,6.531,8.239,6.794,4.898,4.088,8.377,8.282,2.895,2.887,8.044,7.017,3.264,7.263,10.414,9.228,4.13,1.426,5.268,5.397,2.345,2.195,12.588,11.044,2.981
1.27451460005,0.182,0.123,0.106,0.012,2.401,9.336,11.832,3.544,0.178,0.108,0.121,0.036,0.168,0.552,0.488,0.369,0.245,0.458,0.365,0.205,0.162,0.52,0.453,0.359,0.31,1.481,1.604,2.524,0.429,1.775,1.393,4.235,0.085,1.498,1.206,1.673,0.136,1.378,1.119,3.483,0.376,0.16,0.15,0.025,0.36,0.224,0.11,0.02,0.133,0.064,0.069,0.019,0.104,0.097,0.134,0.018,0.124,0.133,0.126,0.022,0.148,0.052,0.151,0.079,0.249,0.14,0.114,0.042,6.033,6.7,10.792,3.753,3.581,11.64,12.204,2.993,2.032,9.389,12.036,3.289,2.156,14.592,14.357,1.623,2.978,14.597,15.97,2.645,1.183,8.249,10.162,1.025,2.815,17.846,14.042,2.679,1.996,8.346,11.364,2.391,3.735,5.357,8.199,2.966,5.674,8.22,7.685,5.011,3.147,7.165,8.12,2.966,2.635,7.536,7.349,3.245,6.242,10.614,10.14,4.165,1.342,4.9,6.015,2.272,2.128,11.68,11.274,3.063
1.39407140005,0.17,0.117,0.126,0.015,1.964,8.397,13.129,3.614,0.141,0.119,0.127,0.033,0.175,0.517,0.55,0.394,0.234,0.374,0.35,0.194,0.177,0.457,0.479,0.322,0.267,1.31,1.729,2.524,0.474,1.594,1.534,4.198,0.081,1.295,1.171,1.649,0.186,1.307,1.308,3.435,0.45,0.138,0.141,0.024,0.315,0.234,0.13,0.02,0.135,0.07,0.073,0.016,0.157,0.085,0.137,0.017,0.157,0.124,0.154,0.03,0.145,0.045,0.16,0.077,0.287,0.155,0.117,0.05,6.235,7.032,11.517,3.735,3.415,10.935,13.051,3.004,1.534,7.845,12.483,3.356,1.988,12.693,14.874,1.768,2.785,13.009,17.544,2.637,1.101,7.535,10.754,1.045,2.964,15.338,15.086,2.739,1.798,6.753,11.655,2.352,3.827,4.841,8.112,3.014,4.938,8.021,8.467,5.169,2.697,5.863,7.914,3.002,2.557,6.787,7.667,3.268,5.466,10.416,11.28,4.202,1.413,4.406,6.511,2.252,2.117,10.318,11.918,3.107
1.52930669999,0.165,0.098,0.148,0.019,1.716,7.067,14.756,3.6,0.124,0.149,0.136,0.032,0.177,0.444,0.608,0.44,0.211,0.271,0.338,0.186,0.186,0.384,0.504,0.303,0.239,1.071,1.832,2.565,0.499,1.356,1.686,4.157,0.083,1.015,1.1,1.641,0.251,1.156,1.468,3.404,0.529,0.111,0.134,0.025,0.255,0.235,0.144,0.021,0.127,0.075,0.078,0.014,0.235,0.081,0.146,0.018,0.196,0.114,0.179,0.039,0.145,0.042,0.164,0.075,0.306,0.161,0.126,0.058,6.38,7.249,12.133,3.767,3.411,9.7,14.109,3.004,1.15,6.217,12.838,3.385,2.035,10.102,15.434,1.928,2.69,10.651,19.091,2.606,1.381,6.428,11.311,1.089,3.072,12.332,15.625,2.778,1.837,5.257,11.885,2.3,3.945,4.125,7.661,3.109,4.389,7.512,9.053,5.368,2.782,4.496,7.588,3.014,2.595,5.876,8.014,3.335,5.127,9.789,12.497,4.254,1.526,3.786,6.805,2.297,2.229,8.711,12.879,3.105
1.64907340007,0.166,0.076,0.17,0.023,1.74,5.575,16.432,3.511,0.122,0.192,0.146,0.033,0.179,0.346,0.641,0.499,0.183,0.176,0.336,0.18,0.189,0.32,0.529,0.309,0.23,0.808,1.897,2.632,0.494,1.097,1.818,4.109,0.096,0.72,1.018,1.647,0.316,0.95,1.576,3.39,0.585,0.085,0.126,0.024,0.196,0.227,0.153,0.022,0.11,0.076,0.079,0.011,0.318,0.081,0.151,0.018,0.231,0.105,0.193,0.046,0.144,0.042,0.161,0.07,0.301,0.159,0.14,0.066,6.305,7.297,12.604,3.852,3.375,8.155,15.149,2.971,0.927,4.632,12.957,3.382,2.067,7.3,16.053,2.055,2.594,7.935,20.295,2.561,1.793,4.993,11.751,1.129,3.039,9.31,15.668,2.788,2.122,4.09,11.944,2.275,4.067,3.375,7.025,3.246,4.064,6.744,9.502,5.569,3.25,3.277,7.186,3.033,2.651,4.99,8.408,3.422,5.092,8.836,13.625,4.309,1.619,3.124,6.901,2.403,2.443,7.148,14.011,3.062
1.77046550007,0.172,0.057,0.187,0.027,1.928,4.339,17.929,3.371,0.128,0.233,0.16,0.036,0.186,0.247,0.648,0.563,0.159,0.114,0.35,0.179,0.19,0.275,0.558,0.341,0.23,0.587,1.908,2.708,0.477,0.869,1.915,4.062,0.126,0.486,0.949,1.664,0.361,0.743,1.635,3.398,0.593,0.071,0.118,0.023,0.151,0.208,0.152,0.024,0.09,0.072,0.078,0.009,0.384,0.082,0.145,0.018,0.255,0.101,0.192,0.05,0.141,0.042,0.154,0.063,0.276,0.159,0.159,0.074,5.978,7.162,12.923,3.971,3.206,6.618,15.953,2.895,0.806,3.306,12.782,3.353,2.064,4.976,16.833,2.116,2.554,5.519,21.024,2.5,2.194,3.61,12.117,1.153,2.81,6.944,15.487,2.777,2.602,3.58,11.87,2.297,4.002,2.788,6.463,3.404,3.821,5.924,9.91,5.714,3.827,2.542,6.923,3.077,2.638,4.298,8.772,3.481,5.129,7.747,14.506,4.334,1.604,2.509,6.806,2.541,2.663,5.884,15.098,2.985
1.89040580008,0.176,0.044,0.196,0.03,2.244,3.8,19.092,3.209,0.131,0.256,0.177,0.042,0.2,0.171,0.635,0.621,0.142,0.099,0.374,0.183,0.193,0.26,0.588,0.393,0.227,0.468,1.87,2.783,0.454,0.733,1.977,4.03,0.172,0.373,0.909,1.694,0.377,0.602,1.668,3.434,0.543,0.073,0.108,0.022,0.123,0.183,0.139,0.026,0.072,0.065,0.074,0.008,0.407,0.081,0.127,0.016,0.264,0.1,0.18,0.051,0.136,0.045,0.147,0.056,0.242,0.166,0.182,0.082,5.488,6.84,13.141,4.086,2.963,5.44,16.356,2.789,0.779,2.503,12.376,3.305,2.015,3.716,17.785,2.11,2.604,4.08,21.304,2.419,2.497,2.807,12.472,1.162,2.431,5.893,15.463,2.758,3.123,4.009,11.782,2.357,3.771,2.534,6.199,3.546,3.57,5.379,10.35,5.744,4.238,2.635,7.028,3.132,2.574,3.951,9.025,3.461,4.971,6.825,15.097,4.287,1.583,2.048,6.559,2.67,2.775,5.086,15.923,2.889
2.02641080006,0.178,0.039,0.194,0.03,2.545,4.154,19.908,3.049,0.129,0.25,0.194,0.053,0.219,0.129,0.614,0.665,0.138,0.131,0.398,0.195,0.194,0.279,0.612,0.454,0.212,0.479,1.797,2.849,0.437,0.73,2.009,4.029,0.231,0.408,0.899,1.732,0.363,0.591,1.701,3.498,0.448,0.09,0.099,0.022,0.108,0.155,0.117,0.028,0.059,0.058,0.067,0.007,0.376,0.077,0.104,0.013,0.261,0.103,0.159,0.05,0.13,0.051,0.144,0.052,0.209,0.182,0.207,0.088,4.986,6.335,13.298,4.148,2.744,4.864,16.319,2.675,0.832,2.45,11.951,3.228,2.077,3.759,18.785,2.058,2.81,4.013,21.307,2.317,2.674,2.991,12.812,1.168,2.003,6.491,15.872,2.74,3.569,5.413,11.723,2.427,3.334,2.686,6.269,3.63,3.215,5.409,10.776,5.63,4.358,3.682,7.507,3.157,2.55,4.005,9.138,3.33,4.565,6.304,15.393,4.144,1.618,1.829,6.224,2.747,2.706,4.729,16.288,2.792
2.14595710009,0.178,0.037,0.179,0.028,2.958,5.23,20.437,2.906,0.121,0.222,0.21,0.068,0.235,0.116,0.588,0.689,0.147,0.197,0.419,0.213,0.194,0.324,0.618,0.514,0.187,0.602,1.725,2.899,0.426,0.869,2.026,4.064,0.296,0.571,0.919,1.772,0.331,0.735,1.75,3.575,0.335,0.117,0.089,0.022,0.101,0.128,0.092,0.03,0.055,0.052,0.062,0.008,0.305,0.071,0.082,0.011,0.251,0.11,0.14,0.049,0.127,0.062,0.144,0.055,0.181,0.203,0.234,0.092,4.752,5.59,13.356,4.129,2.76,5.034,15.978,2.583,1.08,3.21,11.768,3.108,2.311,4.969,19.604,1.993,3.169,5.3,21.215,2.198,2.786,4.256,13.071,1.183,1.638,8.66,16.774,2.723,3.856,7.539,11.678,2.474,2.835,3.202,6.596,3.626,2.959,6.084,11.024,5.381,4.246,5.528,8.243,3.106,2.734,4.41,9.126,3.108,4.006,6.256,15.345,3.918,1.859,1.884,5.893,2.751,2.494,4.664,16.015,2.712
2.27898960002,0.18,0.036,0.154,0.026,3.524,6.719,20.696,2.798,0.113,0.183,0.224,0.085,0.24,0.117,0.556,0.691,0.166,0.281,0.435,0.234,0.197,0.38,0.597,0.568,0.155,0.786,1.675,2.932,0.41,1.123,2.028,4.131,0.356,0.808,0.963,1.81,0.291,1.011,1.817,3.642,0.233,0.144,0.083,0.023,0.101,0.103,0.069,0.031,0.059,0.05,0.061,0.011,0.22,0.069,0.068,0.011,0.242,0.123,0.124,0.049,0.127,0.077,0.146,0.061,0.158,0.222,0.26,0.092,4.905,4.666,13.28,4.044,2.981,6.009,15.486,2.553,1.729,4.691,12.025,2.928,2.774,7.025,19.936,1.938,3.694,7.621,21.076,2.086,2.88,6.357,13.13,1.205,1.408,11.988,17.998,2.701,4.08,9.931,11.648,2.48,2.341,4.033,7.098,3.532,3.042,7.299,10.919,5.047,4.13,7.815,9.112,2.962,3.133,5.054,9.011,2.855,3.526,6.629,14.843,3.665,2.259,2.231,5.68,2.697,2.278,4.721,15.018,2.667
2.39881779999,0.187,0.034,0.123,0.024,4.399,8.19,20.572,2.741,0.105,0.151,0.237,0.105,0.23,0.115,0.513,0.678,0.19,0.362,0.448,0.258,0.21,0.427,0.554,0.612,0.125,0.97,1.646,2.953,0.39,1.434,2.012,4.218,0.402,1.043,1.024,1.841,0.254,1.353,1.877,3.682,0.163,0.164,0.084,0.027,0.105,0.085,0.054,0.032,0.071,0.055,0.066,0.014,0.155,0.073,0.063,0.013,0.236,0.139,0.116,0.054,0.133,0.094,0.148,0.069,0.136,0.232,0.285,0.088,5.636,3.738,13.089,3.935,3.602,7.656,14.944,2.609,3.107,6.64,12.746,2.679,3.404,9.497,19.577,1.894,4.675,10.432,20.777,2.007,3.026,8.764,12.921,1.224,1.308,15.853,19.26,2.665,4.386,12.089,11.798,2.447,2.03,5.088,7.744,3.373,3.718,8.713,10.412,4.7,4.277,10.1,10.145,2.745,3.678,5.783,8.804,2.652,3.213,7.24,13.832,3.456,2.712,2.823,5.646,2.616,2.161,4.728,13.4,2.665
2.51915250008,0.195,0.032,0.095,0.026,5.56,9.271,19.989,2.738,0.099,0.135,0.247,0.124,0.204,0.105,0.459,0.661,0.209,0.423,0.466,0.281,0.244,0.458,0.504,0.642,0.103,1.103,1.634,2.972,0.352,1.728,1.99,4.307,0.429,1.206,1.102,1.862,0.224,1.668,1.921,3.692,0.133,0.173,0.092,0.035,0.108,0.071,0.045,0.033,0.088,0.065,0.077,0.019,0.132,0.082,0.066,0.019,0.234,0.155,0.113,0.062,0.14,0.108,0.148,0.075,0.114,0.231,0.305,0.081,6.672,3.071,12.782,3.839,4.355,9.576,14.482,2.748,5.179,8.591,13.799,2.382,4.11,11.913,18.743,1.85,6.151,13.067,20.347,1.972,3.259,10.853,12.582,1.232,1.298,19.516,20.436,2.618,4.896,13.509,12.317,2.396,1.942,6.173,8.421,3.19,4.855,9.854,9.681,4.412,4.806,11.835,11.346,2.512,4.19,6.344,8.566,2.561,3.11,7.785,12.483,3.349,3.008,3.517,5.77,2.541,2.246,4.573,11.454,2.705
2.65608500002,0.203,0.032,0.08,0.031,6.884,9.739,19.013,2.774,0.093,0.131,0.254,0.142,0.166,0.091,0.407,0.649,0.218,0.448,0.49,0.3,0.302,0.473,0.462,0.656,0.093,1.148,1.641,2.989,0.319,1.931,1.989,4.37,0.437,1.251,1.204,1.864,0.207,1.861,1.963,3.677,0.139,0.172,0.107,0.046,0.108,0.06,0.045,0.033,0.107,0.08,0.092,0.023,0.155,0.093,0.07,0.028,0.234,0.166,0.114,0.074,0.145,0.116,0.144,0.076,0.093,0.221,0.315,0.074,7.933,2.943,12.398,3.774,5.289,11.269,14.201,2.925,7.737,9.996,14.917,2.093,4.713,13.761,17.939,1.785,8.178,14.906,19.987,1.976,3.608,12.107,12.373,1.22,1.291,22.244,21.633,2.576,5.487,13.81,13.211,2.361,2.132,7.003,8.922,3.039,6.218,10.291,9.063,4.237,5.605,12.567,12.62,2.342,4.55,6.55,8.383,2.584,3.138,7.992,11.179,3.346,3.049,4.13,5.92,2.49,2.457,4.247,9.596,2.771
2.77488620009,0.205,0.036,0.077,0.038,7.987,9.563,17.862,2.827,0.087,0.13,0.256,0.157,0.129,0.086,0.366,0.649,0.215,0.429,0.513,0.313,0.377,0.48,0.434,0.649,0.098,1.095,1.669,3.0,0.301,1.985,2.025,4.389,0.433,1.173,1.322,1.842,0.207,1.866,2.003,3.642,0.166,0.164,0.126,0.06,0.108,0.054,0.05,0.033,0.124,0.097,0.108,0.027,0.204,0.103,0.076,0.038,0.235,0.165,0.116,0.085,0.144,0.114,0.137,0.072,0.079,0.207,0.311,0.069,8.955,3.474,12.015,3.727,6.037,12.313,14.121,3.079,10.066,10.462,15.832,1.879,5.032,14.56,17.624,1.7,10.175,15.509,19.914,2.007,3.975,12.257,12.507,1.192,1.307,23.435,22.884,2.566,5.962,12.889,14.235,2.375,2.462,7.364,9.071,2.955,7.296,9.881,8.904,4.182,6.394,12.127,13.759,2.295,4.655,6.347,8.359,2.667,3.223,7.762,10.416,3.399,2.823,4.501,5.973,2.456,2.694,3.861,8.283,2.834
2.89394610003,0.198,0.043,0.088,0.046,8.539,8.8,16.686,2.88,0.083,0.122,0.249,0.166,0.106,0.098,0.342,0.666,0.204,0.368,0.523,0.318,0.456,0.486,0.418,0.622,0.117,0.958,1.714,3.0,0.325,1.876,2.091,4.368,0.426,0.997,1.442,1.797,0.233,1.671,2.04,3.607,0.201,0.156,0.147,0.072,0.109,0.054,0.059,0.032,0.135,0.112,0.125,0.029,0.256,0.11,0.08,0.045,0.24,0.151,0.117,0.092,0.138,0.103,0.13,0.064,0.074,0.192,0.291,0.064,9.59,4.512,11.763,3.67,6.483,12.473,14.154,3.161,11.429,9.838,16.32,1.788,5.053,14.113,17.951,1.614,11.581,14.72,20.091,2.057,4.342,11.383,13.012,1.16,1.497,22.933,24.142,2.6,6.083,11.048,15.095,2.451,2.816,7.183,8.891,2.94,7.709,8.763,9.311,4.205,6.829,10.759,14.62,2.379,4.572,5.742,8.522,2.734,3.275,7.114,10.474,3.425,2.468,4.53,5.913,2.425,2.825,3.532,7.773,2.856
3.02914860006,0.184,0.049,0.106,0.052,8.265,7.64,15.555,2.938,0.082,0.11,0.234,0.169,0.103,0.127,0.334,0.7,0.191,0.278,0.513,0.317,0.517,0.499,0.409,0.582,0.148,0.781,1.762,2.992,0.382,1.637,2.154,4.329,0.426,0.777,1.547,1.743,0.287,1.339,2.054,3.587,0.231,0.149,0.164,0.079,0.115,0.065,0.074,0.032,0.138,0.122,0.146,0.03,0.287,0.111,0.08,0.048,0.248,0.129,0.116,0.094,0.133,0.087,0.126,0.055,0.082,0.176,0.254,0.062,9.589,5.659,11.685,3.603,6.524,11.693,14.113,3.159,11.337,8.319,16.306,1.839,4.831,12.626,18.579,1.558,11.829,12.749,20.221,2.127,4.695,9.87,13.655,1.138,1.97,21.028,25.083,2.669,5.913,8.921,15.488,2.571,3.233,6.557,8.533,2.959,7.259,7.317,10.036,4.235,6.934,9.022,15.088,2.543,4.408,4.835,8.786,2.716,3.276,6.211,11.219,3.349,2.199,4.205,5.772,2.382,2.844,3.379,8.001,2.799
3.15046490007,0.168,0.054,0.126,0.055,7.292,6.318,14.424,3.015,0.085,0.101,0.216,0.167,0.119,0.163,0.326,0.744,0.19,0.187,0.488,0.312,0.545,0.52,0.399,0.541,0.188,0.609,1.781,2.98,0.466,1.338,2.173,4.3,0.429,0.572,1.621,1.697,0.374,0.977,2.025,3.594,0.25,0.144,0.177,0.079,0.124,0.086,0.095,0.032,0.134,0.124,0.173,0.031,0.285,0.11,0.08,0.046,0.256,0.105,0.114,0.092,0.139,0.072,0.127,0.049,0.105,0.156,0.208,0.059,9.094,6.47,11.722,3.533,6.359,10.154,13.764,3.084,9.763,6.338,15.829,2.012,4.515,10.673,18.926,1.558,10.821,10.138,19.894,2.224,5.069,8.224,14.065,1.134,2.788,18.507,25.451,2.737,5.599,7.243,15.264,2.701,3.766,5.725,8.195,2.95,6.268,6.014,10.678,4.206,6.908,7.582,15.138,2.711,4.316,3.804,8.973,2.592,3.236,5.349,12.237,3.145,2.162,3.623,5.596,2.313,2.846,3.497,8.704,2.654
3.26883900003,0.152,0.054,0.141,0.055,5.741,5.071,13.285,3.119,0.092,0.101,0.199,0.161,0.143,0.194,0.311,0.785,0.204,0.121,0.466,0.305,0.529,0.543,0.383,0.511,0.239,0.478,1.741,2.973,0.547,1.047,2.111,4.31,0.43,0.424,1.658,1.674,0.474,0.687,1.941,3.634,0.254,0.14,0.183,0.073,0.133,0.112,0.123,0.034,0.132,0.122,0.203,0.033,0.254,0.11,0.08,0.04,0.258,0.09,0.118,0.09,0.164,0.063,0.132,0.049,0.144,0.135,0.166,0.058,8.308,6.651,11.87,3.47,6.275,8.24,13.111,2.96,7.257,4.39,15.042,2.252,4.192,8.855,18.544,1.618,8.874,7.526,18.878,2.342,5.404,6.839,13.948,1.153,3.785,16.198,25.122,2.759,5.265,6.479,14.459,2.811,4.38,4.978,8.073,2.873,5.149,5.236,11.011,4.087,6.941,6.878,14.831,2.822,4.33,2.87,8.943,2.402,3.194,4.79,13.105,2.856,2.392,2.98,5.462,2.216,2.985,3.911,9.671,2.435
3.40637450002,0.137,0.049,0.149,0.052,4.128,4.059,12.161,3.253,0.101,0.113,0.191,0.156,0.162,0.21,0.283,0.81,0.228,0.094,0.461,0.3,0.471,0.557,0.365,0.499,0.297,0.401,1.634,2.981,0.601,0.822,1.967,4.367,0.415,0.342,1.657,1.686,0.566,0.522,1.81,3.703,0.243,0.136,0.183,0.062,0.136,0.14,0.155,0.037,0.136,0.121,0.233,0.035,0.209,0.11,0.085,0.033,0.262,0.091,0.127,0.09,0.211,0.058,0.137,0.053,0.19,0.115,0.142,0.058,7.42,6.188,12.18,3.443,6.479,6.368,12.392,2.817,4.62,2.856,14.103,2.499,3.917,7.545,17.408,1.717,6.509,5.407,17.306,2.463,5.639,5.86,13.264,1.189,4.781,14.57,24.166,2.717,4.965,6.602,13.304,2.891,4.973,4.5,8.286,2.732,4.292,5.012,11.029,3.904,7.051,6.896,14.342,2.858,4.422,2.147,8.677,2.23,3.146,4.521,13.572,2.571,2.806,2.449,5.431,2.108,3.297,4.467,10.826,2.173
3.52597459999,0.121,0.045,0.151,0.05,2.757,3.319,11.113,3.406,0.114,0.131,0.194,0.153,0.168,0.212,0.253,0.81,0.249,0.105,0.477,0.3,0.387,0.554,0.351,0.504,0.353,0.363,1.473,3.007,0.609,0.671,1.777,4.45,0.379,0.306,1.621,1.727,0.629,0.472,1.662,3.778,0.227,0.131,0.179,0.05,0.131,0.165,0.188,0.041,0.148,0.128,0.254,0.039,0.169,0.109,0.094,0.028,0.279,0.11,0.147,0.094,0.27,0.055,0.139,0.059,0.235,0.101,0.144,0.06,6.614,5.308,12.601,3.46,6.997,4.813,11.833,2.673,2.575,1.855,13.059,2.712,3.723,6.766,15.862,1.822,4.495,3.952,15.511,2.567,5.688,5.22,12.251,1.233,5.527,13.648,22.845,2.63,4.678,7.205,12.118,2.95,5.421,4.314,8.788,2.567,3.807,5.088,10.937,3.723,7.15,7.254,13.849,2.828,4.475,1.657,8.279,2.155,3.077,4.334,13.653,2.384,3.263,2.122,5.501,2.006,3.648,4.91,12.147,1.921
3.64584840008,0.104,0.045,0.144,0.047,1.935,2.825,10.255,3.55,0.13,0.147,0.203,0.156,0.161,0.204,0.23,0.783,0.254,0.141,0.504,0.305,0.303,0.53,0.35,0.521,0.391,0.337,1.293,3.043,0.581,0.578,1.6,4.528,0.327,0.297,1.558,1.786,0.652,0.485,1.541,3.839,0.217,0.127,0.175,0.04,0.119,0.181,0.216,0.044,0.165,0.143,0.262,0.041,0.147,0.107,0.11,0.028,0.314,0.139,0.174,0.1,0.326,0.051,0.139,0.062,0.271,0.094,0.168,0.064,5.876,4.344,13.061,3.501,7.519,3.69,11.557,2.545,1.277,1.299,11.919,2.869,3.539,6.28,14.432,1.905,3.054,3.089,13.906,2.646,5.491,4.747,11.316,1.273,5.852,13.149,21.615,2.534,4.384,7.75,11.246,2.995,5.676,4.314,9.415,2.428,3.691,5.176,10.988,3.606,7.074,7.475,13.509,2.753,4.428,1.366,7.903,2.212,2.948,4.033,13.555,2.349,3.606,1.979,5.605,1.933,3.808,5.04,13.581,1.724
3.77943310002,0.09,0.053,0.132,0.045,1.724,2.504,9.616,3.666,0.149,0.152,0.209,0.161,0.148,0.194,0.22,0.737,0.243,0.181,0.518,0.311,0.24,0.486,0.364,0.541,0.399,0.308,1.13,3.082,0.541,0.517,1.484,4.574,0.282,0.305,1.474,1.847,0.644,0.508,1.477,3.868,0.222,0.127,0.171,0.033,0.107,0.186,0.233,0.047,0.183,0.159,0.255,0.041,0.143,0.1,0.133,0.031,0.36,0.166,0.202,0.105,0.365,0.049,0.135,0.061,0.294,0.094,0.204,0.07,5.301,3.566,13.446,3.561,7.803,2.964,11.548,2.463,0.698,1.041,10.672,2.977,3.356,5.81,13.519,1.948,2.478,2.667,12.692,2.7,5.068,4.327,10.807,1.294,5.762,12.741,20.86,2.467,4.057,7.932,10.811,3.031,5.822,4.355,9.929,2.361,3.775,5.098,11.262,3.579,6.885,7.344,13.28,2.658,4.206,1.2,7.656,2.373,2.732,3.513,13.451,2.442,3.759,1.906,5.643,1.912,3.616,4.794,14.922,1.603
3.89888019999,0.083,0.068,0.114,0.042,1.991,2.246,9.135,3.759,0.17,0.146,0.207,0.165,0.139,0.186,0.219,0.677,0.221,0.205,0.504,0.315,0.208,0.43,0.395,0.558,0.373,0.277,1.007,3.114,0.507,0.472,1.447,4.575,0.265,0.334,1.382,1.901,0.62,0.525,1.48,3.856,0.247,0.133,0.172,0.031,0.101,0.178,0.235,0.046,0.204,0.168,0.238,0.038,0.148,0.091,0.158,0.035,0.4,0.18,0.225,0.104,0.384,0.05,0.133,0.056,0.306,0.097,0.24,0.077,4.745,3.109,13.577,3.656,7.565,2.516,11.731,2.457,0.579,0.953,9.39,3.061,3.096,5.186,13.207,1.955,2.5,2.523,11.816,2.746,4.448,3.983,10.874,1.287,5.367,12.213,20.657,2.449,3.756,7.798,10.718,3.052,6.053,4.395,10.118,2.39,3.981,4.787,11.625,3.631,6.612,6.966,13.007,2.566,3.94,1.111,7.543,2.572,2.513,2.814,13.366,2.594,3.756,1.84,5.539,1.964,3.075,4.239,15.852,1.547
4.01890800009,0.087,0.085,0.099,0.039,2.588,1.99,8.69,3.85,0.19,0.137,0.198,0.163,0.138,0.182,0.221,0.612,0.199,0.207,0.461,0.311,0.201,0.367,0.437,0.565,0.322,0.256,0.927,3.134,0.48,0.432,1.479,4.536,0.285,0.39,1.296,1.943,0.594,0.537,1.532,3.809,0.281,0.145,0.178,0.033,0.11,0.163,0.224,0.044,0.226,0.161,0.218,0.036,0.153,0.081,0.184,0.039,0.419,0.179,0.238,0.097,0.388,0.056,0.134,0.048,0.313,0.1,0.272,0.084,4.289,2.957,13.338,3.81,6.864,2.21,12.043,2.537,0.779,0.935,8.182,3.15,2.718,4.379,13.306,1.947,2.941,2.504,11.071,2.807,3.737,3.781,11.446,1.262,4.799,11.496,20.806,2.485,3.588,7.613,10.768,3.046,6.492,4.456,9.899,2.512,4.19,4.263,11.83,3.724,6.441,6.649,12.586,2.499,3.737,1.099,7.466,2.732,2.299,2.085,13.221,2.729,3.731,1.779,5.265,2.089,2.308,3.536,16.102,1.526
4.15527760005,0.101,0.099,0.093,0.037,3.354,1.769,8.234,3.957,0.206,0.135,0.187,0.154,0.146,0.177,0.223,0.55,0.185,0.191,0.399,0.296,0.206,0.301,0.484,0.564,0.267,0.259,0.877,3.144,0.45,0.397,1.538,4.48,0.338,0.468,1.22,1.975,0.577,0.562,1.591,3.75,0.313,0.161,0.19,0.039,0.136,0.144,0.206,0.039,0.245,0.137,0.205,0.035,0.149,0.073,0.205,0.041,0.406,0.167,0.239,0.085,0.389,0.068,0.137,0.04,0.322,0.101,0.297,0.092,4.001,3.003,12.821,4.02,5.967,1.983,12.452,2.678,1.198,0.956,7.234,3.263,2.271,3.535,13.483,1.947,3.617,2.547,10.291,2.899,3.065,3.776,12.202,1.233,4.209,10.732,20.78,2.566,3.63,7.69,10.689,3.008,7.151,4.597,9.307,2.69,4.402,3.661,11.694,3.815,6.448,6.699,11.914,2.475,3.741,1.207,7.414,2.8,2.169,1.522,12.946,2.8,3.789,1.794,4.88,2.258,1.599,2.884,15.655,1.507
4.27494150004,0.124,0.106,0.101,0.036,4.078,1.634,7.814,4.078,0.214,0.145,0.18,0.139,0.155,0.167,0.23,0.499,0.181,0.166,0.339,0.269,0.212,0.246,0.529,0.552,0.228,0.294,0.851,3.15,0.421,0.375,1.58,4.433,0.415,0.552,1.151,1.999,0.582,0.611,1.612,3.712,0.329,0.181,0.208,0.047,0.173,0.127,0.184,0.034,0.257,0.103,0.202,0.036,0.137,0.068,0.22,0.041,0.363,0.151,0.23,0.071,0.391,0.082,0.14,0.033,0.336,0.097,0.312,0.098,3.883,3.155,12.323,4.249,5.197,1.82,12.942,2.823,1.707,1.019,6.708,3.393,1.862,2.824,13.458,1.97,4.361,2.588,9.443,3.018,2.597,3.955,12.757,1.213,3.695,10.153,20.069,2.68,3.852,8.201,10.411,2.942,7.822,4.821,8.554,2.871,4.575,3.103,11.216,3.873,6.623,7.207,11.099,2.506,3.925,1.44,7.499,2.761,2.131,1.251,12.537,2.806,3.945,1.932,4.538,2.42,1.12,2.432,14.741,1.478
4.39375040005,0.152,0.106,0.122,0.039,4.538,1.633,7.565,4.188,0.217,0.165,0.178,0.119,0.159,0.152,0.245,0.467,0.187,0.146,0.294,0.234,0.21,0.219,0.573,0.532,0.217,0.357,0.853,3.155,0.396,0.362,1.579,4.412,0.496,0.622,1.078,2.018,0.595,0.671,1.573,3.722,0.321,0.2,0.23,0.054,0.209,0.112,0.163,0.031,0.258,0.071,0.208,0.04,0.122,0.065,0.228,0.04,0.302,0.141,0.211,0.059,0.391,0.098,0.148,0.03,0.347,0.09,0.316,0.105,3.805,3.388,12.142,4.437,4.682,1.8,13.471,2.906,2.187,1.151,6.66,3.507,1.534,2.361,13.194,2.022,4.963,2.601,8.726,3.137,2.373,4.255,12.937,1.206,3.322,9.947,18.619,2.809,4.104,9.059,10.213,2.861,8.224,5.078,7.953,3.007,4.775,2.704,10.594,3.868,6.769,7.973,10.477,2.586,4.215,1.786,7.874,2.627,2.208,1.344,12.129,2.765,4.116,2.174,4.403,2.517,0.962,2.228,13.762,1.436
4.52915760002,0.181,0.106,0.147,0.043,4.58,1.854,7.645,4.252,0.216,0.187,0.176,0.098,0.155,0.136,0.27,0.459,0.193,0.142,0.273,0.198,0.201,0.234,0.614,0.51,0.229,0.425,0.886,3.161,0.385,0.351,1.534,4.427,0.56,0.665,0.996,2.033,0.612,0.715,1.481,3.79,0.289,0.217,0.252,0.059,0.232,0.101,0.145,0.031,0.243,0.049,0.218,0.044,0.111,0.063,0.227,0.038,0.24,0.139,0.188,0.051,0.382,0.114,0.161,0.029,0.343,0.082,0.308,0.113,3.635,3.642,12.391,4.538,4.36,2.045,13.933,2.9,2.504,1.407,7.008,3.575,1.351,2.229,12.775,2.091,5.201,2.618,8.377,3.222,2.464,4.627,12.755,1.207,3.091,10.259,16.842,2.927,4.279,9.985,10.551,2.781,8.054,5.375,7.813,3.063,4.992,2.706,10.134,3.789,6.74,8.703,10.481,2.691,4.411,2.239,8.589,2.438,2.353,1.911,11.893,2.702,4.157,2.466,4.616,2.512,1.019,2.248,13.107,1.396
4.64878550009,0.206,0.112,0.173,0.047,4.204,2.359,8.161,4.233,0.216,0.201,0.172,0.081,0.15,0.123,0.299,0.479,0.19,0.158,0.276,0.173,0.185,0.289,0.649,0.495,0.255,0.476,0.943,3.168,0.4,0.344,1.465,4.472,0.591,0.687,0.921,2.045,0.632,0.728,1.373,3.905,0.245,0.225,0.269,0.059,0.231,0.093,0.129,0.036,0.213,0.043,0.221,0.047,0.104,0.06,0.215,0.035,0.192,0.142,0.165,0.046,0.356,0.126,0.178,0.03,0.317,0.075,0.29,0.128,3.321,3.816,12.973,4.531,4.012,2.611,14.186,2.827,2.6,1.829,7.616,3.575,1.393,2.466,12.344,2.167,4.967,2.698,8.538,3.253,2.984,5.061,12.425,1.214,3.04,11.049,15.411,3.001,4.344,10.609,11.817,2.704,7.235,5.717,8.372,3.021,5.248,3.355,10.053,3.648,6.494,9.116,11.439,2.783,4.394,2.748,9.54,2.258,2.562,3.026,11.957,2.646,3.923,2.728,5.255,2.407,1.193,2.455,12.976,1.389
4.76952910004,0.224,0.125,0.194,0.049,3.543,3.115,9.032,4.103,0.216,0.2,0.163,0.067,0.153,0.113,0.318,0.523,0.173,0.195,0.304,0.167,0.167,0.368,0.674,0.496,0.287,0.506,1.009,3.172,0.444,0.345,1.401,4.527,0.586,0.7,0.881,2.045,0.664,0.71,1.285,4.038,0.205,0.22,0.276,0.057,0.21,0.088,0.116,0.044,0.174,0.051,0.214,0.046,0.101,0.056,0.194,0.031,0.163,0.14,0.146,0.043,0.312,0.132,0.2,0.031,0.27,0.07,0.267,0.15,2.896,3.835,13.614,4.428,3.568,3.395,14.132,2.74,2.494,2.387,8.332,3.508,1.665,3.018,11.975,2.241,4.332,2.871,9.133,3.236,3.976,5.543,12.137,1.224,3.2,12.134,14.804,3.007,4.427,10.708,14.015,2.618,6.062,6.175,9.608,2.887,5.431,4.645,10.338,3.492,6.169,9.129,13.327,2.822,4.117,3.228,10.519,2.148,2.779,4.606,12.342,2.624,3.387,2.921,6.282,2.246,1.383,2.837,13.29,1.45
4.90560140007,0.232,0.144,0.207,0.049,2.829,3.972,10.005,3.868,0.214,0.184,0.153,0.058,0.167,0.104,0.321,0.578,0.149,0.247,0.357,0.18,0.148,0.444,0.68,0.514,0.32,0.529,1.058,3.164,0.51,0.365,1.356,4.565,0.553,0.725,0.897,2.024,0.71,0.681,1.236,4.145,0.182,0.202,0.272,0.053,0.18,0.086,0.107,0.055,0.14,0.066,0.193,0.042,0.097,0.05,0.167,0.025,0.149,0.13,0.13,0.041,0.26,0.129,0.22,0.033,0.216,0.069,0.242,0.177,2.551,3.748,14.026,4.27,2.992,4.192,13.753,2.69,2.284,2.962,8.984,3.406,2.132,3.75,11.637,2.308,3.494,3.106,9.915,3.197,5.327,6.031,11.895,1.242,3.554,13.288,14.953,2.945,4.671,10.33,16.563,2.516,5.002,6.915,11.172,2.688,5.556,6.387,10.742,3.401,5.95,8.97,15.601,2.799,3.636,3.608,11.225,2.155,3.035,6.466,12.865,2.669,2.666,3.09,7.509,2.091,1.574,3.521,13.732,1.612
5.02452680003,0.227,0.161,0.212,0.045,2.303,4.762,10.832,3.57,0.204,0.159,0.151,0.053,0.189,0.097,0.307,0.624,0.126,0.31,0.426,0.207,0.127,0.493,0.66,0.547,0.345,0.569,1.066,3.142,0.572,0.408,1.326,4.572,0.506,0.771,0.964,1.98,0.764,0.664,1.208,4.192,0.176,0.173,0.258,0.05,0.159,0.088,0.105,0.065,0.119,0.081,0.163,0.035,0.096,0.042,0.138,0.02,0.143,0.111,0.118,0.039,0.222,0.119,0.236,0.037,0.176,0.071,0.223,0.203,2.372,3.625,14.078,4.092,2.526,4.794,13.136,2.689,2.064,3.402,9.408,3.324,2.802,4.447,11.318,2.356,2.785,3.356,10.649,3.157,6.715,6.445,11.569,1.268,4.054,14.252,15.399,2.827,5.187,9.696,18.588,2.404,4.411,8.072,12.579,2.466,5.797,8.18,10.971,3.438,5.956,8.978,17.495,2.731,3.081,3.884,11.432,2.286,3.439,8.294,13.251,2.802,1.91,3.353,8.647,1.993,1.784,4.642,13.963,1.872
5.14483250002,0.213,0.168,0.21,0.04,2.14,5.354,11.41,3.281,0.186,0.137,0.161,0.051,0.209,0.096,0.288,0.647,0.109,0.374,0.498,0.239,0.105,0.498,0.612,0.588,0.353,0.646,1.027,3.115,0.608,0.472,1.297,4.55,0.456,0.832,1.047,1.929,0.801,0.673,1.171,4.168,0.178,0.143,0.235,0.048,0.161,0.093,0.11,0.071,0.112,0.092,0.129,0.029,0.107,0.035,0.113,0.016,0.144,0.091,0.115,0.039,0.212,0.109,0.242,0.042,0.165,0.076,0.214,0.22,2.356,3.505,13.863,3.924,2.171,5.102,12.516,2.71,1.885,3.607,9.535,3.303,3.724,4.912,11.175,2.369,2.357,3.584,11.278,3.119,7.786,6.685,11.102,1.298,4.767,14.824,15.659,2.684,6.011,9.046,19.399,2.306,4.377,9.582,13.407,2.281,6.226,9.549,10.846,3.619,6.201,9.341,18.41,2.663,2.569,4.107,11.098,2.506,4.003,9.781,13.331,3.007,1.29,3.814,9.387,1.975,2.001,6.21,13.843,2.183
5.27901990002,0.192,0.162,0.202,0.034,2.325,5.722,11.903,3.062,0.169,0.125,0.182,0.052,0.216,0.104,0.278,0.641,0.1,0.431,0.556,0.267,0.08,0.46,0.545,0.636,0.345,0.758,0.964,3.094,0.603,0.545,1.259,4.518,0.408,0.89,1.113,1.899,0.796,0.701,1.119,4.086,0.178,0.118,0.211,0.047,0.191,0.098,0.12,0.071,0.111,0.096,0.099,0.024,0.135,0.028,0.099,0.014,0.152,0.075,0.122,0.04,0.228,0.103,0.237,0.049,0.182,0.088,0.218,0.225,2.357,3.41,13.585,3.786,2.02,5.139,12.168,2.715,1.741,3.567,9.424,3.361,4.795,5.057,11.459,2.334,2.263,3.775,11.973,3.071,8.271,6.646,10.591,1.326,5.599,14.919,15.501,2.562,6.893,8.54,18.86,2.257,4.72,11.163,13.469,2.186,6.831,10.161,10.414,3.909,6.564,10.009,18.181,2.647,2.23,4.331,10.364,2.756,4.799,10.691,13.118,3.237,0.922,4.468,9.504,2.038,2.254,8.041,13.491,2.462
5.39874850004,0.17,0.144,0.189,0.029,2.701,5.93,12.69,2.932,0.169,0.126,0.208,0.056,0.203,0.122,0.291,0.61,0.098,0.474,0.589,0.286,0.06,0.395,0.478,0.687,0.318,0.883,0.912,3.085,0.556,0.614,1.219,4.495,0.364,0.935,1.139,1.914,0.732,0.741,1.076,3.972,0.169,0.104,0.193,0.046,0.238,0.101,0.132,0.067,0.109,0.09,0.077,0.021,0.174,0.025,0.101,0.015,0.17,0.066,0.141,0.042,0.254,0.103,0.222,0.057,0.215,0.113,0.234,0.215,2.329,3.355,13.383,3.684,1.995,5.034,12.307,2.674,1.584,3.371,9.293,3.475,5.872,4.911,12.384,2.248,2.379,3.92,13.01,2.989,8.037,6.281,10.264,1.342,6.382,14.564,15.055,2.493,7.517,8.197,17.392,2.283,5.063,12.427,12.896,2.212,7.472,9.997,9.871,4.234,6.79,10.716,17.072,2.716,2.087,4.598,9.495,2.98,5.562,10.981,12.788,3.433,0.825,5.231,8.969,2.161,2.395,9.834,13.119,2.633
5.51933160005,0.152,0.119,0.171,0.026,3.142,6.037,14.135,2.868,0.192,0.135,0.229,0.063,0.175,0.148,0.328,0.568,0.101,0.499,0.588,0.293,0.049,0.329,0.433,0.735,0.278,0.982,0.901,3.088,0.481,0.665,1.19,4.498,0.324,0.958,1.115,1.975,0.621,0.785,1.076,3.862,0.151,0.104,0.191,0.044,0.284,0.099,0.143,0.059,0.1,0.077,0.062,0.019,0.211,0.024,0.115,0.019,0.198,0.063,0.171,0.044,0.269,0.108,0.204,0.062,0.25,0.15,0.259,0.195,2.276,3.409,13.394,3.605,2.063,4.963,13.025,2.581,1.42,3.136,9.448,3.583,6.692,4.598,13.965,2.127,2.545,3.988,14.572,2.862,7.296,5.643,10.312,1.341,6.912,13.882,14.655,2.48,7.627,7.955,15.694,2.383,5.075,13.052,12.019,2.345,7.768,9.263,9.469,4.506,6.686,11.166,15.568,2.868,2.106,4.88,8.8,3.129,6.169,10.718,12.595,3.546,0.898,5.949,8.0,2.306,2.36,11.232,12.987,2.653
5.63968070003,0.146,0.093,0.151,0.025,3.561,6.018,16.308,2.828,0.235,0.147,0.239,0.071,0.14,0.18,0.382,0.526,0.108,0.502,0.557,0.287,0.048,0.281,0.421,0.773,0.235,1.017,0.947,3.098,0.395,0.688,1.188,4.529,0.287,0.958,1.064,2.059,0.488,0.831,1.139,3.78,0.136,0.112,0.206,0.041,0.31,0.09,0.15,0.051,0.085,0.061,0.056,0.018,0.234,0.027,0.132,0.023,0.228,0.062,0.206,0.045,0.261,0.112,0.187,0.063,0.277,0.192,0.288,0.168,2.355,3.626,13.647,3.542,2.238,5.06,14.285,2.467,1.3,2.958,10.094,3.62,6.971,4.303,15.976,2.006,2.62,3.962,16.582,2.7,6.218,4.871,10.778,1.321,6.849,13.036,14.647,2.508,7.304,7.707,14.361,2.539,4.674,12.783,11.143,2.543,7.425,8.216,9.427,4.668,6.259,11.134,14.103,3.073,2.145,5.073,8.554,3.19,6.229,10.034,12.849,3.561,1.033,6.42,6.957,2.44,2.024,11.945,13.254,2.539
5.77482799999,0.153,0.072,0.133,0.025,3.896,5.785,18.864,2.777,0.28,0.159,0.237,0.082,0.106,0.212,0.434,0.496,0.121,0.484,0.504,0.273,0.054,0.258,0.448,0.792,0.2,0.968,1.044,3.107,0.32,0.675,1.222,4.569,0.256,0.932,1.014,2.132,0.372,0.871,1.256,3.733,0.133,0.121,0.232,0.038,0.309,0.075,0.151,0.044,0.067,0.044,0.053,0.017,0.239,0.033,0.144,0.026,0.254,0.064,0.242,0.043,0.231,0.115,0.177,0.059,0.294,0.227,0.316,0.14,2.679,4.001,14.118,3.494,2.652,5.294,15.883,2.385,1.302,2.858,11.221,3.551,6.573,4.191,18.018,1.92,2.582,3.836,18.631,2.539,5.129,4.105,11.475,1.294,6.336,12.135,15.183,2.554,6.706,7.313,13.67,2.716,3.981,11.598,10.478,2.737,6.377,7.087,9.876,4.699,5.661,10.516,12.919,3.273,2.109,5.078,8.869,3.175,5.727,9.082,13.685,3.501,1.168,6.503,6.168,2.531,1.558,11.834,13.872,2.359
5.89416060003,0.172,0.058,0.123,0.026,4.158,5.276,21.138,2.701,0.307,0.169,0.223,0.094,0.081,0.238,0.466,0.482,0.141,0.444,0.444,0.253,0.064,0.258,0.506,0.784,0.178,0.847,1.159,3.108,0.276,0.627,1.281,4.598,0.235,0.872,0.982,2.168,0.294,0.887,1.387,3.719,0.149,0.126,0.262,0.035,0.286,0.06,0.147,0.039,0.054,0.031,0.052,0.015,0.23,0.041,0.147,0.027,0.272,0.073,0.277,0.04,0.193,0.113,0.174,0.051,0.3,0.241,0.335,0.115,3.186,4.435,14.686,3.426,3.362,5.493,17.409,2.356,1.463,2.784,12.525,3.391,5.614,4.328,19.654,1.888,2.549,3.628,20.116,2.418,4.173,3.46,12.088,1.271,5.312,11.251,16.17,2.591,6.184,6.706,13.601,2.872,3.278,9.741,10.138,2.854,4.937,6.022,10.788,4.598,5.169,9.369,12.112,3.408,1.978,4.814,9.653,3.084,4.749,7.957,14.968,3.386,1.258,6.178,5.811,2.538,1.158,10.91,14.579,2.186
6.0292166,0.194,0.05,0.125,0.028,4.379,4.455,22.4,2.623,0.297,0.179,0.205,0.106,0.071,0.251,0.472,0.488,0.164,0.385,0.391,0.235,0.079,0.266,0.579,0.754,0.17,0.684,1.251,3.108,0.278,0.554,1.341,4.607,0.227,0.773,0.965,2.161,0.264,0.856,1.482,3.731,0.179,0.127,0.284,0.033,0.248,0.046,0.142,0.035,0.052,0.025,0.05,0.014,0.217,0.049,0.141,0.028,0.283,0.093,0.317,0.038,0.161,0.108,0.181,0.04,0.293,0.227,0.338,0.095,3.837,4.746,15.219,3.316,4.36,5.466,18.432,2.372,1.746,2.643,13.554,3.202,4.427,4.656,20.62,1.909,2.622,3.325,20.549,2.365,3.442,3.032,12.374,1.265,4.185,10.429,17.362,2.604,5.858,5.923,14.009,2.971,2.747,7.647,10.135,2.849,3.506,5.083,11.959,4.388,4.792,7.857,11.707,3.447,1.836,4.263,10.65,2.915,3.623,6.708,16.329,3.232,1.306,5.536,5.87,2.437,1.012,9.388,15.068,2.061
6.14896440005,0.207,0.048,0.138,0.03,4.574,3.441,22.324,2.579,0.25,0.197,0.191,0.114,0.077,0.25,0.453,0.511,0.187,0.315,0.352,0.226,0.099,0.271,0.657,0.711,0.181,0.515,1.286,3.121,0.336,0.465,1.375,4.6,0.232,0.642,0.953,2.128,0.263,0.77,1.511,3.76,0.215,0.125,0.29,0.033,0.205,0.038,0.135,0.032,0.065,0.029,0.047,0.012,0.211,0.056,0.131,0.029,0.296,0.128,0.363,0.038,0.144,0.104,0.198,0.031,0.273,0.19,0.325,0.078,4.239,4.716,15.629,3.154,5.404,5.072,18.658,2.409,2.028,2.367,13.957,3.054,3.4,4.999,20.804,1.957,2.887,2.936,19.828,2.373,2.952,2.836,12.235,1.282,3.196,9.681,18.523,2.583,5.87,5.117,14.766,2.995,2.505,5.819,10.423,2.735,2.523,4.321,13.111,4.122,4.658,6.273,11.733,3.388,1.783,3.523,11.567,2.695,2.771,5.475,17.388,3.055,1.313,4.747,6.2,2.244,1.248,7.66,15.206,1.979
6.27009420004,0.211,0.053,0.155,0.034,4.668,2.481,21.188,2.577,0.182,0.23,0.186,0.117,0.096,0.235,0.422,0.548,0.208,0.248,0.332,0.233,0.125,0.269,0.731,0.678,0.211,0.374,1.251,3.161,0.424,0.379,1.37,4.593,0.242,0.503,0.933,2.095,0.267,0.652,1.473,3.802,0.246,0.12,0.278,0.035,0.161,0.035,0.126,0.028,0.091,0.043,0.044,0.01,0.215,0.062,0.12,0.03,0.314,0.173,0.412,0.042,0.145,0.104,0.22,0.025,0.245,0.149,0.301,0.07,4.37,4.292,15.828,2.944,6.22,4.374,18.151,2.45,2.231,2.05,13.733,2.969,2.787,5.158,20.257,2.002,3.292,2.515,18.343,2.397,2.641,2.845,11.77,1.326,2.687,9.146,19.651,2.528,6.073,4.635,15.813,2.946,2.552,4.692,10.849,2.555,2.192,3.807,13.968,3.866,4.712,5.018,12.176,3.251,1.871,2.766,12.123,2.464,2.368,4.386,17.882,2.877,1.317,4.025,6.554,2.005,1.81,6.117,15.058,1.914
6.40531330009,0.218,0.066,0.173,0.039,4.563,1.895,19.714,2.581,0.123,0.282,0.186,0.118,0.124,0.209,0.393,0.592,0.225,0.197,0.335,0.26,0.153,0.262,0.796,0.67,0.254,0.281,1.16,3.237,0.513,0.324,1.339,4.597,0.248,0.384,0.906,2.083,0.257,0.543,1.398,3.854,0.269,0.116,0.257,0.04,0.12,0.037,0.115,0.025,0.127,0.066,0.044,0.009,0.225,0.066,0.114,0.03,0.332,0.222,0.452,0.051,0.157,0.114,0.246,0.021,0.212,0.124,0.278,0.073,4.285,3.606,15.763,2.706,6.562,3.665,17.271,2.491,2.309,1.902,13.22,2.915,2.711,5.024,19.127,2.025,3.675,2.183,16.752,2.384,2.506,3.03,11.109,1.394,2.576,8.949,20.737,2.454,6.489,4.725,16.965,2.855,2.739,4.383,11.219,2.379,2.307,3.613,14.344,3.688,4.978,4.321,12.873,3.084,2.104,2.127,12.189,2.282,2.441,3.49,17.769,2.731,1.316,3.493,6.74,1.784,2.519,5.007,14.832,1.842
6.52467280009,0.24,0.087,0.188,0.046,4.247,1.943,18.609,2.558,0.106,0.342,0.188,0.117,0.154,0.179,0.373,0.634,0.236,0.167,0.355,0.304,0.179,0.257,0.85,0.692,0.306,0.24,1.038,3.336,0.575,0.322,1.295,4.613,0.243,0.308,0.888,2.093,0.235,0.48,1.322,3.908,0.283,0.113,0.235,0.049,0.083,0.048,0.105,0.022,0.163,0.091,0.049,0.009,0.232,0.071,0.11,0.031,0.342,0.265,0.471,0.064,0.171,0.136,0.268,0.021,0.181,0.127,0.265,0.091,4.407,2.903,15.414,2.499,6.511,3.234,16.39,2.557,2.271,2.068,12.857,2.851,3.041,4.674,17.596,2.022,3.835,2.095,15.626,2.317,2.523,3.383,10.361,1.471,2.78,9.094,21.655,2.393,6.948,5.376,17.832,2.776,2.904,4.694,11.4,2.278,2.523,3.749,14.183,3.649,5.195,4.175,13.502,2.942,2.454,1.711,11.866,2.213,2.836,2.817,17.181,2.669,1.346,3.182,6.746,1.651,3.153,4.415,14.658,1.772
6.64580990002,0.286,0.112,0.197,0.053,3.829,2.605,18.141,2.494,0.148,0.391,0.184,0.119,0.18,0.15,0.365,0.667,0.246,0.157,0.388,0.357,0.202,0.257,0.895,0.731,0.357,0.237,0.917,3.43,0.595,0.37,1.252,4.633,0.224,0.273,0.897,2.109,0.214,0.472,1.268,3.953,0.287,0.114,0.225,0.062,0.055,0.066,0.097,0.02,0.191,0.112,0.059,0.009,0.232,0.078,0.111,0.032,0.341,0.292,0.458,0.079,0.182,0.168,0.284,0.024,0.157,0.154,0.266,0.12,5.029,2.468,14.803,2.388,6.129,3.293,15.702,2.668,2.175,2.536,12.884,2.758,3.575,4.225,15.808,2.006,3.717,2.358,15.139,2.213,2.699,3.79,9.556,1.545,3.065,9.352,22.268,2.359,7.474,6.29,18.037,2.764,3.074,5.273,11.368,2.283,2.622,4.047,13.595,3.756,5.331,4.37,13.793,2.871,2.883,1.547,11.398,2.273,3.413,2.328,16.322,2.72,1.442,3.057,6.67,1.637,3.579,4.239,14.494,1.735
6.77922300005,0.349,0.132,0.201,0.061,3.5,3.684,18.048,2.414,0.243,0.412,0.175,0.126,0.198,0.13,0.361,0.687,0.263,0.162,0.424,0.407,0.219,0.266,0.929,0.763,0.395,0.252,0.819,3.495,0.57,0.451,1.208,4.654,0.196,0.273,0.942,2.119,0.202,0.504,1.231,3.986,0.283,0.119,0.232,0.074,0.038,0.092,0.095,0.019,0.206,0.122,0.071,0.01,0.225,0.089,0.117,0.034,0.328,0.298,0.417,0.091,0.188,0.204,0.291,0.028,0.148,0.189,0.282,0.152,6.09,2.463,14.029,2.419,5.696,3.847,15.202,2.828,2.085,3.129,13.231,2.651,4.152,3.835,13.919,1.993,3.442,2.996,15.045,2.118,3.02,4.191,8.718,1.598,3.358,9.459,22.544,2.342,7.873,7.057,17.478,2.847,3.308,5.856,11.247,2.386,2.662,4.386,12.891,3.936,5.288,4.661,13.709,2.885,3.375,1.578,11.106,2.42,4.048,2.019,15.467,2.852,1.676,3.054,6.662,1.732,3.77,4.332,14.234,1.745
6.89888300002,0.408,0.142,0.198,0.069,3.406,4.893,17.778,2.376,0.362,0.393,0.162,0.135,0.205,0.124,0.355,0.699,0.295,0.174,0.453,0.441,0.224,0.279,0.952,0.769,0.409,0.266,0.756,3.515,0.509,0.539,1.158,4.676,0.167,0.295,1.022,2.122,0.204,0.551,1.195,4.009,0.276,0.128,0.256,0.085,0.034,0.122,0.1,0.021,0.205,0.118,0.079,0.012,0.212,0.103,0.13,0.038,0.308,0.28,0.355,0.099,0.188,0.235,0.288,0.033,0.159,0.213,0.31,0.176,7.48,2.843,13.219,2.617,5.296,4.714,14.768,3.008,2.023,3.625,13.558,2.58,4.714,3.662,12.17,1.987,3.138,3.915,14.931,2.078,3.448,4.569,7.989,1.62,3.563,9.218,22.643,2.318,8.072,7.357,16.421,3.009,3.717,6.312,11.185,2.543,2.762,4.688,12.492,4.066,5.165,4.889,13.465,2.97,3.894,1.717,11.253,2.578,4.556,1.9,14.949,2.986,2.085,3.126,6.78,1.904,3.806,4.582,13.891,1.784
7.02004930004,0.44,0.136,0.192,0.073,3.502,5.923,16.871,2.444,0.468,0.339,0.15,0.143,0.203,0.136,0.355,0.708,0.338,0.188,0.467,0.455,0.215,0.296,0.965,0.741,0.399,0.27,0.731,3.486,0.427,0.611,1.12,4.69,0.152,0.335,1.122,2.126,0.221,0.592,1.164,4.022,0.268,0.144,0.287,0.09,0.043,0.155,0.114,0.026,0.193,0.103,0.084,0.014,0.198,0.118,0.149,0.042,0.285,0.245,0.292,0.1,0.182,0.256,0.276,0.04,0.189,0.213,0.342,0.186,8.458,3.363,12.379,2.97,5.029,5.51,14.292,3.166,1.967,3.818,13.471,2.603,5.209,3.722,10.825,1.991,2.976,4.879,14.521,2.123,3.941,4.867,7.543,1.611,3.73,8.493,22.671,2.278,7.907,7.052,15.284,3.205,4.227,6.527,11.134,2.711,3.02,4.904,12.655,4.06,4.942,4.97,13.285,3.093,4.385,1.878,11.891,2.692,4.88,1.998,14.979,3.046,2.645,3.231,6.951,2.111,3.784,4.893,13.56,1.818
7.15570930007,0.427,0.117,0.179,0.073,3.752,6.544,15.219,2.645,0.531,0.266,0.141,0.147,0.196,0.166,0.369,0.713,0.386,0.204,0.465,0.444,0.198,0.324,0.959,0.683,0.378,0.279,0.742,3.409,0.344,0.653,1.113,4.68,0.166,0.397,1.226,2.131,0.254,0.628,1.156,4.018,0.263,0.166,0.317,0.087,0.062,0.185,0.134,0.031,0.173,0.082,0.082,0.015,0.185,0.131,0.168,0.047,0.263,0.204,0.238,0.094,0.168,0.261,0.258,0.046,0.227,0.19,0.374,0.178,8.803,3.741,11.427,3.434,4.767,5.846,13.657,3.276,1.9,3.605,12.732,2.755,5.63,3.979,9.994,1.993,2.98,5.6,13.749,2.242,4.454,5.083,7.431,1.583,3.947,7.621,22.546,2.23,7.358,6.276,14.333,3.387,4.721,6.473,10.883,2.86,3.458,5.053,13.247,3.93,4.677,4.933,13.183,3.22,4.738,2.108,12.729,2.749,5.093,2.443,15.414,3.016,3.262,3.39,7.005,2.322,3.752,5.282,13.282,1.834
7.27458540001,0.371,0.091,0.16,0.067,4.141,6.626,13.165,2.941,0.533,0.191,0.137,0.143,0.187,0.207,0.401,0.712,0.432,0.224,0.449,0.414,0.191,0.37,0.925,0.608,0.358,0.331,0.781,3.297,0.268,0.669,1.144,4.634,0.218,0.49,1.304,2.13,0.303,0.687,1.175,3.989,0.26,0.193,0.334,0.077,0.089,0.209,0.153,0.038,0.151,0.06,0.074,0.015,0.173,0.137,0.183,0.052,0.241,0.168,0.201,0.082,0.149,0.253,0.236,0.05,0.263,0.153,0.396,0.156,8.296,3.885,10.344,3.925,4.522,5.585,12.847,3.325,1.818,3.034,11.457,3.016,5.943,4.425,9.637,1.983,3.141,5.85,12.811,2.393,4.907,5.346,7.552,1.552,4.57,7.324,22.038,2.189,6.583,5.404,13.582,3.52,4.995,6.234,10.22,2.988,4.009,5.202,13.79,3.776,4.432,4.904,12.973,3.329,4.916,2.573,13.283,2.775,5.334,3.428,15.856,2.943,3.781,3.653,6.781,2.514,3.868,5.871,13.015,1.853
7.39427240007,0.291,0.066,0.134,0.057,4.661,6.195,11.317,3.237,0.475,0.132,0.138,0.132,0.184,0.253,0.448,0.704,0.469,0.249,0.422,0.371,0.211,0.431,0.858,0.532,0.35,0.456,0.839,3.17,0.211,0.678,1.21,4.551,0.304,0.608,1.338,2.112,0.368,0.795,1.225,3.935,0.259,0.219,0.333,0.063,0.121,0.225,0.165,0.046,0.133,0.043,0.063,0.015,0.159,0.135,0.184,0.056,0.218,0.146,0.179,0.068,0.129,0.237,0.217,0.053,0.285,0.115,0.402,0.127,7.309,3.832,9.298,4.324,4.205,4.873,12.047,3.314,1.757,2.29,10.092,3.299,6.088,5.036,9.598,1.962,3.357,5.593,12.099,2.518,5.213,5.784,7.715,1.543,5.726,8.215,20.9,2.166,5.921,4.852,12.831,3.58,4.965,5.928,9.152,3.102,4.506,5.397,13.81,3.714,4.294,4.986,12.393,3.405,4.807,3.398,13.219,2.802,5.715,5.031,15.914,2.9,4.041,4.015,6.284,2.668,4.288,6.753,12.727,1.909
7.52918780001,0.211,0.046,0.108,0.044,5.364,5.473,10.235,3.431,0.377,0.093,0.142,0.119,0.188,0.291,0.498,0.688,0.489,0.28,0.39,0.324,0.259,0.49,0.753,0.469,0.356,0.652,0.905,3.054,0.192,0.702,1.296,4.443,0.406,0.73,1.327,2.074,0.446,0.95,1.3,3.867,0.254,0.235,0.316,0.049,0.151,0.229,0.168,0.053,0.12,0.032,0.051,0.013,0.142,0.125,0.17,0.059,0.191,0.137,0.169,0.056,0.115,0.217,0.203,0.052,0.288,0.084,0.389,0.1,6.186,3.705,8.557,4.526,3.861,4.035,11.535,3.241,1.692,1.605,9.1,3.505,6.025,5.742,9.739,1.942,3.538,5.015,11.978,2.566,5.324,6.408,7.788,1.58,7.355,10.387,19.158,2.17,5.633,4.837,11.898,3.56,4.494,5.618,7.906,3.195,4.739,5.598,13.063,3.81,4.235,5.162,11.298,3.442,4.507,4.545,12.505,2.84,6.173,7.077,15.373,2.941,3.941,4.393,5.671,2.756,5.047,7.849,12.388,2.026
7.64902580006,0.15,0.033,0.086,0.032,6.071,4.744,10.205,3.454,0.268,0.077,0.149,0.107,0.202,0.312,0.536,0.663,0.485,0.314,0.364,0.284,0.32,0.528,0.627,0.43,0.366,0.876,0.966,2.962,0.224,0.748,1.388,4.327,0.501,0.828,1.291,2.017,0.518,1.11,1.392,3.8,0.243,0.234,0.285,0.038,0.175,0.223,0.162,0.058,0.112,0.028,0.043,0.011,0.122,0.111,0.145,0.06,0.165,0.139,0.17,0.047,0.111,0.197,0.195,0.048,0.273,0.069,0.355,0.08,5.323,3.711,8.452,4.483,3.494,3.487,11.607,3.097,1.691,1.176,8.758,3.563,5.749,6.401,10.014,1.934,3.633,4.383,12.628,2.52,5.186,7.082,7.744,1.666,8.944,13.333,17.176,2.194,5.738,5.277,10.77,3.466,3.699,5.331,6.904,3.256,4.594,5.782,11.703,4.052,4.245,5.326,9.804,3.441,3.976,5.825,11.457,2.883,6.564,9.2,14.331,3.08,3.456,4.694,5.232,2.759,6.035,9.03,12.074,2.193
7.76892100007,0.114,0.029,0.075,0.024,6.778,4.249,11.161,3.298,0.173,0.075,0.159,0.097,0.228,0.31,0.551,0.628,0.458,0.345,0.347,0.257,0.373,0.532,0.513,0.415,0.373,1.058,1.009,2.899,0.302,0.811,1.476,4.223,0.564,0.871,1.26,1.947,0.566,1.217,1.485,3.746,0.234,0.218,0.252,0.032,0.187,0.206,0.148,0.06,0.109,0.027,0.04,0.009,0.101,0.1,0.118,0.06,0.145,0.147,0.187,0.044,0.114,0.184,0.196,0.043,0.248,0.072,0.308,0.068,4.801,4.088,9.227,4.205,3.133,3.605,12.449,2.866,1.695,1.116,9.11,3.465,5.269,6.803,10.466,1.936,3.623,3.941,14.012,2.398,4.791,7.564,7.659,1.778,9.999,16.032,15.529,2.221,6.051,5.839,9.627,3.317,2.777,5.069,6.526,3.263,4.07,5.903,10.218,4.368,4.239,5.332,8.251,3.411,3.431,6.928,10.586,2.915,6.654,10.876,13.185,3.288,2.796,4.848,5.257,2.675,6.912,10.109,12.021,2.36
7.8906866,0.1,0.035,0.073,0.02,7.206,4.069,12.757,3.022,0.111,0.081,0.168,0.09,0.262,0.288,0.545,0.587,0.417,0.367,0.343,0.248,0.392,0.497,0.436,0.421,0.37,1.132,1.03,2.859,0.4,0.874,1.564,4.145,0.577,0.841,1.246,1.875,0.572,1.223,1.564,3.712,0.237,0.192,0.224,0.03,0.187,0.182,0.131,0.058,0.11,0.03,0.048,0.009,0.083,0.095,0.096,0.057,0.139,0.157,0.228,0.045,0.119,0.182,0.202,0.036,0.23,0.093,0.261,0.063,4.602,4.964,10.829,3.775,2.876,4.448,14.036,2.553,1.732,1.39,9.976,3.265,4.622,6.74,11.193,1.93,3.518,3.795,15.918,2.238,4.194,7.579,7.66,1.87,9.988,17.396,14.629,2.236,6.354,6.132,8.751,3.137,2.07,4.799,6.878,3.205,3.289,5.899,9.088,4.674,4.263,5.058,7.036,3.361,2.908,7.542,10.276,2.93,6.303,11.632,12.359,3.512,2.148,4.804,5.823,2.531,7.319,10.842,12.464,2.466
8.02563030005,0.104,0.052,0.077,0.019,7.373,4.156,14.578,2.737,0.084,0.097,0.172,0.085,0.295,0.253,0.529,0.541,0.375,0.376,0.346,0.255,0.369,0.439,0.413,0.438,0.359,1.069,1.04,2.832,0.486,0.919,1.665,4.094,0.542,0.745,1.25,1.816,0.544,1.121,1.617,3.694,0.253,0.164,0.204,0.029,0.175,0.155,0.115,0.051,0.119,0.036,0.065,0.011,0.073,0.1,0.089,0.052,0.147,0.164,0.293,0.048,0.118,0.196,0.209,0.03,0.232,0.128,0.228,0.063,4.605,6.268,12.846,3.34,2.681,5.779,16.134,2.199,1.697,1.872,11.045,3.062,3.86,6.128,12.238,1.89,3.295,3.897,18.032,2.085,3.527,7.003,7.876,1.893,8.928,16.956,14.603,2.243,6.569,5.98,8.383,2.955,1.729,4.466,7.7,3.099,2.44,5.752,8.652,4.918,4.351,4.516,6.416,3.305,2.609,7.554,10.618,2.959,5.569,11.313,12.146,3.716,1.678,4.54,6.735,2.383,7.042,11.053,13.472,2.474
8.14427440008,0.121,0.08,0.083,0.019,7.07,4.38,16.25,2.542,0.087,0.118,0.168,0.081,0.312,0.214,0.512,0.497,0.34,0.37,0.347,0.274,0.309,0.379,0.44,0.458,0.35,0.894,1.042,2.808,0.533,0.93,1.776,4.063,0.476,0.608,1.251,1.781,0.504,0.938,1.626,3.686,0.276,0.142,0.194,0.03,0.156,0.129,0.106,0.041,0.134,0.047,0.089,0.014,0.07,0.115,0.1,0.045,0.164,0.165,0.369,0.053,0.106,0.224,0.215,0.026,0.26,0.166,0.212,0.065,4.63,7.741,14.727,3.044,2.556,7.225,18.379,1.861,1.675,2.412,12.044,2.939,3.039,5.062,13.519,1.802,2.963,4.095,19.956,1.974,2.893,5.906,8.346,1.822,7.07,14.979,15.167,2.251,6.676,5.484,8.533,2.798,1.81,4.044,8.509,2.98,1.684,5.478,8.922,5.091,4.542,3.835,6.359,3.259,2.515,7.053,11.336,3.037,4.614,10.078,12.48,3.883,1.376,4.077,7.604,2.284,6.212,10.642,14.87,2.39
8.27933120006,0.146,0.111,0.087,0.02,6.585,4.548,17.542,2.484,0.116,0.141,0.154,0.079,0.306,0.182,0.505,0.466,0.319,0.348,0.337,0.298,0.231,0.335,0.496,0.478,0.35,0.667,1.046,2.786,0.528,0.896,1.89,4.046,0.4,0.464,1.229,1.776,0.48,0.729,1.587,3.685,0.292,0.128,0.193,0.032,0.137,0.109,0.106,0.03,0.153,0.063,0.115,0.018,0.074,0.137,0.13,0.039,0.18,0.162,0.438,0.056,0.091,0.262,0.215,0.024,0.306,0.192,0.212,0.068,4.606,8.976,16.064,2.949,2.398,8.312,20.329,1.598,1.678,2.82,12.789,2.926,2.299,3.857,14.934,1.674,2.663,4.194,21.406,1.92,2.401,4.544,9.023,1.665,4.933,12.085,15.763,2.275,6.713,4.866,9.019,2.694,2.171,3.52,8.874,2.887,1.193,5.162,9.657,5.205,4.748,3.144,6.651,3.245,2.691,6.277,11.974,3.177,3.827,8.369,13.049,4.006,1.237,3.479,8.032,2.261,4.996,9.655,16.365,2.265
8.39908780006,0.17,0.134,0.09,0.021,5.968,4.569,18.394,2.551,0.165,0.16,0.134,0.078,0.276,0.168,0.509,0.46,0.311,0.312,0.309,0.315,0.163,0.317,0.563,0.498,0.366,0.47,1.065,2.773,0.483,0.822,1.983,4.041,0.334,0.346,1.18,1.8,0.49,0.565,1.52,3.691,0.287,0.119,0.196,0.033,0.125,0.1,0.12,0.02,0.169,0.081,0.134,0.02,0.084,0.164,0.173,0.036,0.191,0.154,0.479,0.057,0.08,0.299,0.207,0.025,0.355,0.195,0.215,0.071,4.471,9.568,16.646,3.023,2.248,8.656,21.579,1.455,1.758,2.973,13.168,3.0,1.768,2.975,16.407,1.537,2.347,4.135,22.242,1.923,2.145,3.284,9.854,1.465,3.084,9.115,16.135,2.318,6.757,4.459,9.636,2.657,2.635,2.954,8.613,2.847,1.081,4.901,10.529,5.272,4.988,2.619,7.089,3.272,3.117,5.515,12.149,3.348,3.497,6.777,13.538,4.077,1.177,2.855,7.806,2.309,3.787,8.357,17.678,2.161
8.52015840006,0.185,0.145,0.092,0.021,5.585,4.455,18.914,2.688,0.225,0.174,0.118,0.079,0.232,0.184,0.52,0.487,0.31,0.269,0.269,0.318,0.123,0.318,0.621,0.517,0.392,0.372,1.113,2.775,0.427,0.726,2.031,4.049,0.289,0.283,1.118,1.847,0.531,0.503,1.451,3.704,0.257,0.11,0.202,0.035,0.125,0.108,0.146,0.015,0.175,0.097,0.14,0.021,0.095,0.188,0.22,0.036,0.19,0.145,0.477,0.053,0.081,0.318,0.186,0.026,0.387,0.172,0.212,0.073,4.271,9.336,16.484,3.181,2.111,8.214,21.986,1.445,1.896,2.873,13.185,3.107,1.544,2.803,17.895,1.434,2.177,3.988,22.491,1.981,2.14,2.469,10.78,1.281,1.948,6.842,16.422,2.372,6.677,4.528,10.272,2.682,2.988,2.497,7.84,2.862,1.361,4.791,11.289,5.288,5.088,2.438,7.554,3.325,3.788,5.004,11.759,3.497,3.823,5.801,13.832,4.086,1.198,2.368,7.006,2.395,2.929,7.191,18.661,2.117
8.65518100001,0.184,0.142,0.094,0.022,5.35,4.363,19.254,2.818,0.285,0.184,0.112,0.08,0.186,0.234,0.529,0.541,0.315,0.235,0.227,0.302,0.114,0.327,0.659,0.534,0.415,0.404,1.193,2.79,0.377,0.653,2.027,4.073,0.26,0.291,1.068,1.903,0.582,0.577,1.413,3.719,0.206,0.099,0.208,0.037,0.14,0.136,0.178,0.015,0.169,0.109,0.131,0.019,0.104,0.205,0.26,0.039,0.179,0.136,0.433,0.047,0.098,0.312,0.161,0.028,0.396,0.132,0.196,0.073,4.001,8.357,15.805,3.315,2.177,7.32,21.665,1.538,2.036,2.713,12.957,3.183,1.643,3.572,19.272,1.394,2.041,3.945,22.294,2.075,2.249,2.393,11.7,1.155,1.472,5.889,16.85,2.422,6.335,5.186,10.838,2.748,3.089,2.296,6.836,2.923,1.997,4.935,11.743,5.255,4.986,2.715,7.962,3.382,4.537,4.876,10.94,3.577,4.736,5.728,13.975,4.039,1.266,2.15,5.918,2.482,2.544,6.611,19.241,2.145
8.77464810002,0.17,0.134,0.095,0.023,5.251,4.554,19.42,2.903,0.333,0.191,0.125,0.08,0.15,0.307,0.531,0.605,0.324,0.223,0.195,0.27,0.129,0.335,0.669,0.546,0.42,0.548,1.294,2.807,0.343,0.659,1.98,4.11,0.241,0.38,1.045,1.95,0.626,0.78,1.419,3.726,0.149,0.088,0.21,0.04,0.17,0.183,0.206,0.018,0.151,0.116,0.11,0.016,0.111,0.213,0.283,0.044,0.16,0.125,0.36,0.038,0.127,0.288,0.137,0.029,0.389,0.092,0.172,0.074,3.787,6.954,14.887,3.374,2.505,6.505,20.829,1.693,2.135,2.88,12.602,3.192,2.023,5.217,20.221,1.418,2.06,4.265,21.743,2.194,2.33,3.143,12.405,1.097,1.406,6.563,17.375,2.464,5.643,6.379,11.176,2.832,2.927,2.415,5.891,3.015,2.706,5.378,11.752,5.19,4.631,3.487,8.216,3.419,5.121,5.136,9.904,3.581,5.896,6.551,13.973,3.963,1.363,2.245,4.87,2.551,2.52,6.865,19.372,2.227
8.89370180003,0.149,0.129,0.098,0.024,5.139,5.201,19.196,2.948,0.359,0.192,0.154,0.078,0.13,0.38,0.521,0.655,0.334,0.232,0.181,0.232,0.156,0.336,0.651,0.545,0.401,0.751,1.38,2.818,0.32,0.771,1.899,4.155,0.231,0.537,1.044,1.976,0.66,1.061,1.454,3.712,0.1,0.08,0.205,0.043,0.207,0.239,0.223,0.023,0.136,0.119,0.087,0.014,0.113,0.214,0.287,0.047,0.142,0.113,0.279,0.031,0.161,0.259,0.125,0.031,0.382,0.063,0.147,0.075,3.704,5.541,13.894,3.38,3.245,6.182,19.65,1.876,2.19,3.704,12.188,3.142,2.582,7.353,20.356,1.483,2.092,5.068,20.78,2.324,2.332,4.553,12.641,1.087,1.506,8.703,17.676,2.499,4.796,7.809,11.093,2.921,2.621,2.791,5.18,3.126,3.375,6.041,11.285,5.128,4.207,4.601,8.228,3.427,5.352,5.653,8.823,3.541,6.965,7.942,13.709,3.894,1.464,2.58,4.074,2.603,2.666,7.889,18.954,2.335
9.02866409998,0.13,0.135,0.102,0.027,4.894,6.273,18.341,2.988,0.363,0.187,0.194,0.076,0.123,0.426,0.499,0.675,0.344,0.255,0.18,0.199,0.187,0.333,0.612,0.53,0.362,0.949,1.422,2.819,0.302,0.974,1.789,4.2,0.238,0.72,1.046,1.975,0.686,1.343,1.485,3.677,0.067,0.076,0.193,0.046,0.242,0.29,0.229,0.029,0.141,0.123,0.069,0.013,0.114,0.211,0.271,0.049,0.127,0.103,0.21,0.025,0.193,0.24,0.128,0.033,0.39,0.05,0.128,0.077,3.844,4.45,12.869,3.397,4.268,6.445,18.214,2.068,2.28,5.212,11.733,3.072,3.234,9.428,19.484,1.555,2.17,6.252,19.363,2.452,2.307,6.251,12.244,1.091,1.662,11.716,17.351,2.536,4.127,9.081,10.482,3.013,2.357,3.292,4.722,3.248,3.702,6.765,10.453,5.102,3.972,5.776,7.935,3.415,5.115,6.238,7.82,3.501,7.564,9.456,13.049,3.859,1.573,3.015,3.58,2.653,2.818,9.341,17.888,2.445
9.1488356,0.119,0.15,0.106,0.03,4.605,7.453,16.758,3.063,0.35,0.173,0.232,0.075,0.12,0.429,0.468,0.661,0.349,0.282,0.189,0.18,0.218,0.327,0.558,0.504,0.312,1.086,1.409,2.82,0.282,1.207,1.662,4.236,0.267,0.879,1.029,1.949,0.703,1.553,1.479,3.627,0.052,0.077,0.173,0.049,0.265,0.32,0.225,0.035,0.178,0.131,0.062,0.014,0.114,0.207,0.241,0.051,0.122,0.097,0.163,0.023,0.218,0.239,0.146,0.036,0.416,0.051,0.118,0.081,4.212,3.788,11.809,3.498,5.416,7.043,16.58,2.267,2.471,7.031,11.191,3.034,3.857,10.898,17.78,1.605,2.192,7.472,17.579,2.563,2.316,7.789,11.263,1.089,1.924,14.792,16.195,2.582,4.093,9.85,9.383,3.109,2.321,3.823,4.458,3.369,3.84,7.36,9.47,5.127,4.318,6.746,7.369,3.402,4.468,6.69,6.988,3.486,7.605,10.676,11.982,3.859,1.716,3.411,3.311,2.714,2.983,10.766,16.2,2.548
9.26918649999,0.113,0.168,0.107,0.033,4.183,8.386,14.609,3.194,0.326,0.152,0.255,0.076,0.115,0.393,0.433,0.625,0.345,0.308,0.197,0.177,0.242,0.323,0.497,0.472,0.259,1.126,1.356,2.833,0.268,1.385,1.54,4.256,0.309,0.968,0.977,1.904,0.703,1.64,1.429,3.575,0.052,0.081,0.151,0.053,0.269,0.319,0.219,0.04,0.246,0.143,0.069,0.017,0.116,0.203,0.209,0.053,0.129,0.096,0.137,0.024,0.239,0.254,0.169,0.038,0.45,0.062,0.118,0.085,4.759,3.455,10.767,3.712,6.305,7.56,14.851,2.486,2.789,8.597,10.543,3.067,4.404,11.36,15.691,1.624,2.176,8.326,15.659,2.659,2.393,8.769,9.966,1.077,2.401,17.144,14.334,2.632,4.83,10.064,8.058,3.204,2.617,4.373,4.334,3.468,3.707,7.658,8.581,5.188,5.323,7.382,6.694,3.4,3.584,6.876,6.401,3.49,7.082,11.298,10.667,3.88,1.915,3.72,3.145,2.784,3.22,11.808,14.163,2.653
9.40601670009,0.109,0.176,0.104,0.035,3.957,8.933,12.332,3.369,0.292,0.127,0.259,0.077,0.106,0.336,0.399,0.58,0.327,0.329,0.201,0.185,0.259,0.322,0.439,0.446,0.211,1.069,1.285,2.866,0.271,1.456,1.465,4.263,0.346,0.973,0.9,1.848,0.689,1.609,1.351,3.537,0.058,0.084,0.134,0.059,0.247,0.286,0.213,0.045,0.324,0.154,0.084,0.022,0.118,0.197,0.18,0.056,0.144,0.105,0.125,0.026,0.262,0.275,0.189,0.038,0.473,0.077,0.129,0.087,5.353,3.308,9.866,4.006,6.698,7.795,13.235,2.724,3.101,9.58,9.925,3.171,4.891,10.864,13.821,1.61,2.193,8.744,13.981,2.738,2.537,9.065,8.72,1.062,3.141,18.345,12.198,2.674,6.237,9.911,6.841,3.28,3.239,4.986,4.331,3.526,3.629,7.611,7.931,5.255,6.902,7.683,6.145,3.406,2.701,6.774,6.087,3.482,6.274,11.262,9.35,3.895,2.169,3.981,2.985,2.845,3.62,12.306,12.162,2.773
9.52428010001,0.101,0.168,0.095,0.034,3.899,9.18,10.444,3.549,0.252,0.103,0.241,0.078,0.094,0.287,0.364,0.544,0.296,0.349,0.2,0.201,0.27,0.326,0.389,0.432,0.174,0.96,1.228,2.918,0.29,1.424,1.458,4.266,0.358,0.913,0.821,1.791,0.653,1.507,1.275,3.52,0.066,0.086,0.123,0.066,0.202,0.23,0.208,0.048,0.382,0.16,0.101,0.03,0.121,0.192,0.157,0.06,0.165,0.122,0.119,0.027,0.29,0.289,0.202,0.038,0.469,0.093,0.145,0.088,5.908,3.253,9.213,4.311,6.535,7.812,11.91,2.968,3.31,10.062,9.543,3.309,5.413,9.844,12.653,1.574,2.457,9.02,12.895,2.795,2.719,8.831,7.817,1.054,4.058,18.452,10.247,2.691,7.872,9.629,5.99,3.318,4.044,5.7,4.541,3.535,3.629,7.272,7.479,5.296,8.693,7.743,5.953,3.402,2.014,6.465,5.987,3.431,5.39,10.728,8.248,3.888,2.416,4.281,2.826,2.871,4.107,12.28,10.563,2.91
9.64391540003,0.091,0.145,0.082,0.029,4.082,9.317,9.296,3.69,0.207,0.088,0.208,0.075,0.085,0.269,0.333,0.522,0.26,0.369,0.195,0.219,0.28,0.33,0.351,0.434,0.15,0.854,1.198,2.976,0.316,1.342,1.522,4.277,0.333,0.833,0.758,1.745,0.606,1.399,1.214,3.528,0.076,0.085,0.124,0.074,0.146,0.167,0.198,0.048,0.398,0.157,0.112,0.038,0.125,0.191,0.14,0.063,0.188,0.143,0.112,0.027,0.322,0.288,0.206,0.036,0.434,0.108,0.162,0.088,6.256,3.268,8.835,4.549,5.91,7.836,11.066,3.185,3.33,10.376,9.546,3.421,5.897,8.905,12.362,1.528,3.08,9.584,12.554,2.818,2.896,8.429,7.415,1.055,4.905,17.84,8.844,2.676,9.183,9.414,5.658,3.302,4.777,6.479,5.08,3.503,3.937,6.763,7.112,5.296,10.16,7.674,6.263,3.366,1.608,6.068,5.996,3.331,4.698,9.964,7.499,3.859,2.582,4.657,2.745,2.845,4.609,11.845,9.638,3.047
9.7644933,0.085,0.114,0.067,0.023,4.219,9.558,9.005,3.764,0.164,0.084,0.167,0.072,0.081,0.288,0.315,0.513,0.226,0.387,0.193,0.24,0.289,0.327,0.327,0.452,0.14,0.793,1.198,3.027,0.332,1.266,1.617,4.298,0.279,0.775,0.721,1.721,0.547,1.334,1.186,3.557,0.09,0.085,0.133,0.08,0.092,0.11,0.18,0.045,0.365,0.148,0.116,0.045,0.131,0.194,0.126,0.063,0.209,0.159,0.105,0.025,0.346,0.271,0.204,0.033,0.378,0.117,0.177,0.086,6.317,3.304,8.694,4.683,5.176,8.042,10.811,3.334,3.101,10.831,9.934,3.461,6.39,8.526,12.86,1.492,4.024,10.697,12.949,2.796,3.032,8.185,7.531,1.067,5.464,16.917,8.244,2.632,9.691,9.236,5.875,3.225,5.233,7.137,5.925,3.435,4.349,6.21,6.693,5.262,10.841,7.467,7.031,3.287,1.445,5.717,5.972,3.205,4.198,9.221,7.099,3.834,2.587,5.044,2.782,2.758,4.923,11.108,9.426,3.154
9.89864859998,0.086,0.086,0.054,0.018,4.235,9.941,9.528,3.764,0.129,0.091,0.132,0.068,0.085,0.335,0.318,0.507,0.199,0.398,0.209,0.266,0.292,0.314,0.318,0.477,0.148,0.785,1.226,3.053,0.342,1.237,1.709,4.324,0.223,0.762,0.72,1.72,0.498,1.32,1.211,3.601,0.107,0.086,0.147,0.082,0.052,0.068,0.152,0.039,0.298,0.139,0.114,0.049,0.137,0.202,0.114,0.061,0.224,0.164,0.1,0.022,0.352,0.242,0.197,0.03,0.319,0.119,0.187,0.082,6.006,3.305,8.712,4.715,4.616,8.4,11.194,3.391,2.723,11.45,10.627,3.415,6.718,8.842,13.976,1.482,5.0,12.225,14.005,2.724,3.134,8.217,8.147,1.085,5.605,15.929,8.69,2.57,9.228,8.949,6.587,3.103,5.221,7.439,6.915,3.34,4.851,5.694,6.237,5.219,10.509,7.088,8.054,3.176,1.429,5.495,5.885,3.095,3.867,8.628,7.064,3.84,2.414,5.302,2.949,2.621,4.998,10.196,9.883,3.209
10.0195158001,0.097,0.068,0.043,0.016,4.059,10.324,10.759,3.705,0.108,0.107,0.109,0.067,0.099,0.387,0.346,0.495,0.18,0.395,0.252,0.295,0.286,0.289,0.324,0.501,0.174,0.804,1.289,3.05,0.353,1.252,1.78,4.342,0.19,0.782,0.776,1.736,0.482,1.339,1.305,3.65,0.127,0.089,0.158,0.079,0.033,0.043,0.117,0.031,0.223,0.138,0.11,0.05,0.139,0.209,0.107,0.055,0.227,0.157,0.1,0.021,0.333,0.209,0.19,0.028,0.274,0.115,0.191,0.078,5.438,3.194,8.806,4.667,4.316,8.674,12.196,3.364,2.22,11.938,11.497,3.3,6.778,9.611,15.583,1.506,5.738,13.698,15.631,2.61,3.163,8.393,9.285,1.1,5.424,14.898,10.367,2.508,7.98,8.406,7.638,2.971,4.8,7.214,7.818,3.231,5.265,5.218,5.926,5.186,9.373,6.494,9.039,3.072,1.486,5.407,5.794,3.042,3.598,8.19,7.467,3.888,2.124,5.289,3.249,2.471,4.751,9.187,10.955,3.2
10.1401745001,0.111,0.065,0.038,0.019,3.777,10.43,12.501,3.629,0.101,0.13,0.102,0.07,0.122,0.418,0.397,0.472,0.17,0.376,0.327,0.323,0.269,0.253,0.346,0.515,0.214,0.82,1.393,3.022,0.379,1.282,1.831,4.338,0.196,0.814,0.903,1.755,0.51,1.36,1.475,3.693,0.146,0.095,0.161,0.07,0.033,0.033,0.082,0.022,0.166,0.146,0.107,0.047,0.134,0.211,0.104,0.046,0.215,0.139,0.111,0.022,0.298,0.178,0.184,0.027,0.248,0.111,0.192,0.073,4.803,2.925,8.886,4.586,4.29,8.572,13.668,3.299,1.741,11.835,12.372,3.173,6.277,10.371,17.458,1.554,5.878,14.501,17.629,2.478,3.136,8.473,10.862,1.107,5.146,13.822,13.09,2.456,6.393,7.6,8.769,2.871,4.171,6.495,8.395,3.123,5.541,4.79,5.941,5.177,7.959,5.738,9.695,3.008,1.607,5.419,5.793,3.06,3.482,7.889,8.332,3.968,1.883,4.955,3.629,2.349,4.309,8.268,12.481,3.141
10.2744720001,0.125,0.072,0.037,0.026,3.438,10.014,14.363,3.58,0.104,0.156,0.109,0.077,0.149,0.409,0.455,0.443,0.17,0.347,0.419,0.345,0.239,0.215,0.38,0.515,0.257,0.816,1.527,2.979,0.423,1.29,1.853,4.308,0.237,0.847,1.086,1.761,0.583,1.368,1.687,3.718,0.157,0.1,0.152,0.058,0.043,0.036,0.055,0.015,0.14,0.16,0.106,0.042,0.12,0.204,0.106,0.038,0.191,0.115,0.136,0.025,0.264,0.157,0.179,0.026,0.236,0.112,0.194,0.068,4.461,2.508,8.827,4.514,4.375,7.942,15.229,3.246,1.323,10.779,12.965,3.111,5.398,10.674,19.183,1.602,5.477,14.147,19.554,2.365,3.06,8.247,12.541,1.107,5.165,12.688,16.137,2.407,5.01,6.725,9.672,2.827,3.637,5.515,8.452,3.026,5.693,4.444,6.272,5.198,6.871,5.01,9.804,2.998,1.799,5.461,5.862,3.136,3.636,7.654,9.451,4.058,1.784,4.369,3.976,2.278,3.839,7.643,14.062,3.067
10.3940118001,0.135,0.083,0.039,0.034,3.313,8.996,15.86,3.579,0.114,0.183,0.122,0.086,0.173,0.362,0.503,0.415,0.177,0.32,0.506,0.352,0.199,0.187,0.417,0.502,0.287,0.792,1.648,2.934,0.479,1.256,1.83,4.269,0.3,0.888,1.28,1.742,0.674,1.362,1.862,3.715,0.157,0.103,0.133,0.045,0.057,0.045,0.041,0.01,0.143,0.173,0.108,0.038,0.102,0.185,0.111,0.03,0.161,0.094,0.167,0.031,0.251,0.145,0.175,0.026,0.228,0.118,0.199,0.067,4.593,2.054,8.632,4.47,4.435,6.905,16.385,3.234,1.143,8.797,13.02,3.161,4.261,10.311,20.212,1.628,4.571,12.545,20.83,2.299,2.963,7.685,13.757,1.103,5.772,11.63,18.427,2.347,4.298,6.15,10.07,2.843,3.393,4.638,7.955,2.941,5.736,4.279,6.738,5.24,6.472,4.608,9.317,3.03,2.053,5.531,5.943,3.235,4.173,7.525,10.477,4.133,1.879,3.722,4.185,2.261,3.655,7.525,15.197,3.026
10.5289588,0.139,0.093,0.043,0.041,3.33,7.586,16.566,3.623,0.127,0.208,0.131,0.095,0.19,0.289,0.528,0.395,0.194,0.305,0.559,0.343,0.159,0.179,0.447,0.481,0.293,0.762,1.708,2.901,0.531,1.188,1.75,4.249,0.362,0.96,1.428,1.703,0.754,1.354,1.937,3.689,0.152,0.101,0.11,0.034,0.072,0.057,0.035,0.009,0.165,0.173,0.11,0.037,0.089,0.159,0.114,0.024,0.131,0.081,0.197,0.037,0.263,0.14,0.171,0.026,0.218,0.125,0.206,0.07,5.274,1.74,8.488,4.45,4.398,5.858,16.789,3.25,1.155,6.389,12.465,3.314,3.223,9.444,20.169,1.626,3.677,10.119,21.061,2.29,2.789,7.027,14.068,1.104,6.906,11.022,19.173,2.281,4.536,6.223,9.908,2.903,3.453,4.16,7.092,2.865,5.682,4.39,7.178,5.265,6.808,4.754,8.434,3.076,2.323,5.674,6.065,3.307,4.941,7.606,11.191,4.157,2.086,3.21,4.234,2.282,3.927,8.04,15.604,3.032
10.6488791,0.138,0.096,0.048,0.044,3.48,6.214,16.347,3.691,0.146,0.228,0.129,0.101,0.2,0.212,0.528,0.387,0.217,0.307,0.559,0.32,0.127,0.193,0.468,0.461,0.274,0.744,1.678,2.893,0.565,1.114,1.615,4.266,0.408,1.074,1.491,1.66,0.796,1.353,1.891,3.655,0.149,0.095,0.088,0.027,0.089,0.066,0.039,0.01,0.191,0.158,0.107,0.04,0.087,0.133,0.114,0.02,0.109,0.079,0.215,0.044,0.291,0.138,0.166,0.025,0.211,0.129,0.214,0.078,6.292,1.759,8.662,4.441,4.31,5.206,16.443,3.259,1.372,4.273,11.481,3.518,2.357,8.446,19.065,1.616,2.991,7.602,20.265,2.335,2.515,6.577,13.389,1.12,8.288,11.086,18.281,2.241,5.591,7.047,9.407,2.969,3.674,4.144,6.175,2.79,5.484,4.781,7.566,5.228,7.57,5.467,7.523,3.103,2.536,5.892,6.318,3.311,5.686,7.918,11.582,4.099,2.288,2.936,4.197,2.315,4.649,9.079,15.387,3.067
10.7687520001,0.134,0.091,0.053,0.043,3.451,5.292,15.443,3.733,0.171,0.239,0.117,0.103,0.208,0.15,0.506,0.387,0.239,0.319,0.503,0.289,0.11,0.225,0.486,0.45,0.243,0.744,1.573,2.912,0.574,1.058,1.464,4.314,0.437,1.205,1.45,1.634,0.782,1.356,1.766,3.624,0.157,0.087,0.071,0.024,0.111,0.069,0.044,0.013,0.207,0.13,0.099,0.043,0.101,0.113,0.111,0.017,0.099,0.088,0.219,0.051,0.315,0.135,0.159,0.024,0.217,0.123,0.216,0.089,7.199,2.232,9.259,4.41,4.257,5.155,15.662,3.209,1.637,2.939,10.379,3.695,1.841,7.591,17.322,1.625,2.77,5.611,18.848,2.403,2.161,6.483,12.035,1.16,9.462,11.658,16.311,2.262,6.985,8.329,8.899,2.999,3.818,4.397,5.457,2.713,5.134,5.337,7.97,5.124,8.202,6.452,6.89,3.094,2.614,6.159,6.78,3.234,6.125,8.333,11.785,3.973,2.384,2.89,4.178,2.333,5.596,10.293,14.907,3.097
10.8904123,0.125,0.079,0.057,0.038,3.218,4.972,14.366,3.695,0.198,0.237,0.099,0.102,0.219,0.115,0.48,0.392,0.252,0.327,0.409,0.257,0.11,0.266,0.503,0.447,0.216,0.747,1.438,2.949,0.567,1.021,1.351,4.365,0.45,1.297,1.324,1.633,0.728,1.353,1.638,3.601,0.179,0.077,0.062,0.022,0.139,0.065,0.051,0.016,0.208,0.095,0.087,0.045,0.134,0.1,0.106,0.014,0.102,0.103,0.212,0.056,0.316,0.126,0.149,0.023,0.244,0.108,0.209,0.1,7.641,3.163,10.222,4.315,4.293,5.602,14.905,3.069,1.869,2.445,9.524,3.774,1.568,6.912,15.554,1.676,2.892,4.38,17.436,2.453,1.807,6.677,10.559,1.221,9.983,12.341,14.236,2.355,8.064,9.495,8.631,2.971,3.786,4.65,5.083,2.64,4.63,5.846,8.458,4.992,8.262,7.298,6.647,3.054,2.555,6.378,7.455,3.105,6.24,8.529,11.96,3.833,2.322,2.99,4.295,2.32,6.455,11.205,14.634,3.091
11.0242985,0.114,0.063,0.064,0.033,2.754,5.101,13.732,3.56,0.222,0.226,0.082,0.097,0.234,0.106,0.46,0.399,0.25,0.323,0.308,0.227,0.123,0.303,0.518,0.447,0.215,0.73,1.333,2.997,0.547,0.982,1.336,4.387,0.443,1.287,1.163,1.654,0.662,1.335,1.589,3.583,0.214,0.069,0.059,0.021,0.17,0.056,0.055,0.018,0.194,0.063,0.071,0.043,0.186,0.093,0.101,0.013,0.12,0.12,0.204,0.061,0.29,0.111,0.14,0.023,0.29,0.091,0.193,0.108,7.382,4.449,11.38,4.143,4.462,6.335,14.678,2.854,1.956,2.525,9.246,3.726,1.47,6.225,14.298,1.768,3.219,3.778,16.592,2.463,1.521,6.895,9.553,1.289,9.569,12.641,12.967,2.501,8.325,9.99,8.76,2.888,3.636,4.662,5.095,2.594,4.008,6.083,9.06,4.902,7.634,7.644,6.763,3.002,2.411,6.4,8.29,2.98,6.107,8.2,12.246,3.746,2.173,3.116,4.641,2.282,6.916,11.384,14.972,3.029
11.1440427001,0.103,0.048,0.072,0.03,2.255,5.35,13.921,3.356,0.237,0.209,0.071,0.091,0.25,0.111,0.453,0.406,0.232,0.302,0.228,0.202,0.143,0.323,0.526,0.447,0.25,0.676,1.291,3.045,0.519,0.921,1.445,4.361,0.419,1.154,1.026,1.686,0.621,1.306,1.649,3.562,0.256,0.064,0.063,0.02,0.202,0.046,0.057,0.019,0.17,0.04,0.056,0.037,0.257,0.089,0.102,0.013,0.146,0.133,0.2,0.066,0.242,0.099,0.136,0.025,0.339,0.081,0.175,0.113,6.642,5.888,12.469,3.925,4.832,7.091,15.216,2.608,1.87,2.811,9.66,3.577,1.425,5.369,13.835,1.871,3.624,3.496,16.593,2.435,1.343,6.885,9.296,1.342,8.281,12.312,12.817,2.654,7.662,9.633,9.253,2.763,3.567,4.345,5.42,2.604,3.438,6.019,9.691,4.911,6.574,7.382,7.081,2.949,2.322,6.139,9.143,2.921,6.058,7.304,12.637,3.755,1.979,3.164,5.194,2.242,6.767,10.713,15.931,2.915
11.2792624,0.093,0.038,0.083,0.029,1.866,5.484,14.866,3.145,0.241,0.193,0.069,0.086,0.26,0.12,0.461,0.416,0.206,0.263,0.185,0.18,0.164,0.32,0.524,0.443,0.314,0.592,1.302,3.084,0.483,0.838,1.655,4.282,0.389,0.937,0.951,1.717,0.626,1.271,1.785,3.528,0.298,0.063,0.071,0.018,0.23,0.036,0.06,0.019,0.141,0.026,0.043,0.029,0.34,0.086,0.11,0.014,0.176,0.139,0.2,0.068,0.191,0.097,0.14,0.029,0.371,0.087,0.156,0.113,5.75,7.191,13.222,3.719,5.504,7.683,16.289,2.378,1.64,3.082,10.574,3.386,1.393,4.42,14.076,1.95,3.972,3.409,17.218,2.381,1.312,6.559,9.704,1.369,6.482,11.442,13.5,2.769,6.376,8.593,9.904,2.614,3.776,3.753,5.915,2.688,2.937,5.791,10.164,5.04,5.501,6.643,7.411,2.895,2.406,5.649,9.838,2.972,6.199,6.129,12.996,3.864,1.854,3.077,5.83,2.226,6.029,9.444,17.134,2.776
11.3990986,0.083,0.035,0.092,0.03,1.692,5.429,16.073,2.996,0.233,0.182,0.073,0.083,0.257,0.129,0.475,0.431,0.18,0.219,0.187,0.163,0.18,0.293,0.509,0.441,0.392,0.497,1.33,3.105,0.439,0.742,1.909,4.167,0.357,0.714,0.949,1.74,0.666,1.226,1.937,3.479,0.334,0.064,0.088,0.016,0.248,0.031,0.062,0.018,0.113,0.021,0.035,0.021,0.423,0.084,0.12,0.015,0.205,0.137,0.198,0.07,0.15,0.108,0.152,0.036,0.373,0.114,0.143,0.112,4.941,8.081,13.497,3.594,6.502,8.073,17.464,2.204,1.409,3.254,11.578,3.216,1.39,3.595,14.728,1.977,4.354,3.538,17.975,2.324,1.426,5.958,10.457,1.37,4.67,10.272,14.483,2.827,4.992,7.234,10.442,2.474,4.313,3.045,6.402,2.833,2.557,5.559,10.316,5.26,4.778,5.652,7.574,2.847,2.722,5.085,10.197,3.14,6.512,5.081,13.141,4.038,1.809,2.865,6.355,2.247,4.874,8.026,18.003,2.648
11.5188994,0.077,0.04,0.101,0.031,1.702,5.192,16.942,2.945,0.22,0.177,0.082,0.083,0.239,0.136,0.485,0.45,0.164,0.183,0.23,0.153,0.186,0.249,0.482,0.448,0.459,0.414,1.342,3.097,0.384,0.646,2.138,4.04,0.328,0.553,1.001,1.755,0.713,1.162,2.051,3.414,0.368,0.068,0.119,0.017,0.252,0.031,0.066,0.017,0.092,0.019,0.036,0.014,0.49,0.086,0.13,0.016,0.228,0.132,0.194,0.068,0.129,0.132,0.173,0.042,0.344,0.154,0.141,0.112,4.358,8.39,13.434,3.585,7.743,8.258,18.384,2.09,1.303,3.276,12.272,3.102,1.36,3.027,15.398,1.95,4.703,3.806,18.369,2.277,1.672,5.209,11.124,1.356,3.285,9.064,15.245,2.831,3.994,5.981,10.611,2.38,5.243,2.427,6.727,2.994,2.359,5.408,10.166,5.503,4.581,4.677,7.466,2.811,3.253,4.585,10.146,3.392,6.872,4.453,13.049,4.219,1.942,2.591,6.592,2.299,3.652,6.886,18.174,2.549
11.6409117001,0.074,0.052,0.109,0.032,1.871,4.833,17.116,2.97,0.206,0.175,0.1,0.086,0.213,0.142,0.48,0.471,0.167,0.162,0.303,0.153,0.182,0.204,0.451,0.463,0.496,0.353,1.314,3.055,0.326,0.563,2.288,3.934,0.307,0.485,1.069,1.768,0.74,1.066,2.094,3.342,0.398,0.073,0.167,0.02,0.242,0.035,0.072,0.016,0.081,0.02,0.042,0.011,0.528,0.089,0.136,0.017,0.238,0.131,0.187,0.064,0.131,0.162,0.201,0.046,0.292,0.198,0.149,0.114,4.026,8.136,13.397,3.673,9.003,8.197,18.904,2.013,1.422,3.148,12.469,3.036,1.307,2.75,15.763,1.896,5.092,4.08,18.091,2.243,2.004,4.469,11.386,1.345,2.571,8.019,15.512,2.798,3.629,5.182,10.292,2.366,6.376,2.073,6.832,3.114,2.297,5.317,9.853,5.687,4.855,3.97,7.114,2.794,3.817,4.202,9.727,3.677,6.938,4.268,12.775,4.356,2.236,2.336,6.506,2.361,2.682,6.193,17.649,2.474
11.7747944001,0.073,0.066,0.12,0.032,2.116,4.483,16.605,3.026,0.19,0.172,0.13,0.089,0.186,0.149,0.452,0.49,0.19,0.16,0.385,0.165,0.171,0.174,0.424,0.481,0.496,0.316,1.248,2.985,0.279,0.5,2.344,3.877,0.299,0.486,1.116,1.788,0.734,0.937,2.067,3.281,0.421,0.08,0.233,0.025,0.223,0.041,0.076,0.016,0.08,0.024,0.054,0.011,0.527,0.093,0.137,0.017,0.232,0.142,0.183,0.058,0.152,0.195,0.229,0.047,0.239,0.234,0.168,0.117,3.936,7.586,13.748,3.821,9.996,7.89,19.112,1.966,1.717,2.949,12.212,2.984,1.238,2.713,15.7,1.85,5.42,4.285,17.125,2.223,2.344,3.839,11.2,1.344,2.489,7.211,15.403,2.756,3.869,4.956,9.561,2.441,7.463,2.06,6.761,3.153,2.641,5.153,9.618,5.743,5.376,3.664,6.661,2.794,4.211,3.923,9.07,3.943,6.692,4.295,12.415,4.414,2.619,2.142,6.186,2.428,2.194,5.811,16.739,2.391
11.8938749001,0.078,0.082,0.132,0.03,2.438,4.27,15.722,3.079,0.172,0.169,0.171,0.092,0.164,0.157,0.401,0.504,0.227,0.174,0.457,0.187,0.161,0.172,0.414,0.494,0.462,0.294,1.165,2.904,0.256,0.455,2.32,3.878,0.306,0.505,1.13,1.817,0.692,0.786,1.988,3.251,0.424,0.088,0.304,0.031,0.199,0.047,0.078,0.016,0.085,0.036,0.068,0.013,0.487,0.096,0.136,0.018,0.212,0.166,0.186,0.05,0.195,0.229,0.254,0.045,0.206,0.259,0.193,0.12,4.058,7.084,14.597,3.987,10.533,7.397,19.183,1.964,2.115,2.805,11.723,2.919,1.262,2.859,15.246,1.844,5.669,4.438,15.697,2.216,2.64,3.362,10.771,1.352,2.82,6.64,15.273,2.72,4.404,5.229,8.716,2.58,8.173,2.334,6.605,3.107,3.237,4.771,9.697,5.647,5.893,3.744,6.332,2.797,4.259,3.678,8.311,4.157,6.046,4.205,12.051,4.39,2.914,2.016,5.773,2.511,2.205,5.438,15.835,2.264
12.0290251001,0.095,0.095,0.145,0.028,2.916,4.325,14.94,3.099,0.151,0.166,0.222,0.092,0.145,0.164,0.341,0.51,0.265,0.199,0.504,0.216,0.16,0.203,0.435,0.496,0.408,0.28,1.09,2.834,0.264,0.422,2.249,3.927,0.325,0.501,1.114,1.851,0.628,0.637,1.875,3.264,0.4,0.096,0.365,0.037,0.176,0.051,0.078,0.017,0.093,0.058,0.081,0.018,0.415,0.096,0.138,0.019,0.184,0.2,0.198,0.043,0.264,0.262,0.268,0.042,0.209,0.277,0.22,0.122,4.248,6.909,15.767,4.124,10.563,6.892,19.239,2.033,2.466,2.872,11.338,2.824,1.579,3.183,14.507,1.888,5.768,4.628,14.164,2.222,2.921,3.069,10.338,1.363,3.368,6.448,15.438,2.692,4.946,5.906,8.207,2.738,8.378,2.779,6.44,3.009,4.432,4.17,10.122,5.431,6.254,4.23,6.33,2.787,4.004,3.402,7.557,4.297,5.553,3.804,11.662,4.315,3.021,1.956,5.38,2.624,2.599,4.887,15.145,2.093
12.1489818001,0.124,0.108,0.157,0.026,3.637,4.667,14.661,3.077,0.132,0.166,0.27,0.089,0.128,0.173,0.284,0.509,0.29,0.231,0.521,0.242,0.179,0.265,0.487,0.484,0.346,0.27,1.039,2.795,0.299,0.398,2.157,4.012,0.344,0.467,1.08,1.882,0.567,0.516,1.74,3.326,0.347,0.107,0.399,0.041,0.156,0.054,0.077,0.019,0.1,0.089,0.092,0.025,0.325,0.094,0.144,0.021,0.16,0.23,0.213,0.036,0.357,0.292,0.273,0.039,0.245,0.298,0.246,0.121,4.456,7.205,16.909,4.192,10.115,6.576,19.261,2.198,2.712,3.23,11.427,2.701,2.328,3.693,13.627,1.969,5.652,4.928,12.903,2.248,3.333,2.947,10.027,1.369,3.999,6.794,15.98,2.663,5.28,6.834,8.49,2.858,8.049,3.232,6.299,2.912,6.015,3.593,10.649,5.155,6.399,5.062,6.78,2.753,3.59,3.153,6.863,4.348,5.387,3.218,11.157,4.22,2.887,1.983,5.04,2.771,3.356,4.231,14.596,1.911
12.2693052001,0.163,0.121,0.162,0.025,4.504,5.157,14.992,3.022,0.121,0.172,0.307,0.086,0.114,0.187,0.245,0.503,0.296,0.265,0.516,0.26,0.218,0.348,0.562,0.466,0.282,0.261,1.025,2.79,0.349,0.376,2.059,4.112,0.347,0.42,1.047,1.906,0.53,0.433,1.595,3.43,0.279,0.12,0.405,0.044,0.144,0.056,0.081,0.022,0.107,0.125,0.099,0.035,0.236,0.094,0.152,0.022,0.15,0.247,0.222,0.032,0.46,0.316,0.273,0.038,0.294,0.327,0.272,0.123,4.748,7.935,17.682,4.158,9.532,6.561,19.196,2.455,2.801,3.794,12.263,2.559,3.501,4.306,12.86,2.052,5.319,5.305,12.245,2.29,3.92,2.907,9.88,1.367,4.604,7.606,16.783,2.62,5.316,7.785,9.729,2.894,7.356,3.547,6.159,2.868,8.083,3.297,10.957,4.877,6.333,6.073,7.629,2.699,3.293,3.041,6.314,4.288,6.023,2.731,10.52,4.12,2.574,2.129,4.747,2.935,4.518,3.678,13.982,1.767
12.4047554,0.21,0.138,0.163,0.026,5.318,5.612,15.808,2.957,0.125,0.179,0.325,0.082,0.106,0.205,0.231,0.494,0.281,0.29,0.505,0.269,0.272,0.433,0.638,0.45,0.221,0.252,1.056,2.803,0.408,0.359,1.963,4.204,0.328,0.383,1.025,1.917,0.535,0.383,1.463,3.551,0.211,0.132,0.386,0.046,0.145,0.06,0.096,0.026,0.114,0.16,0.104,0.047,0.161,0.101,0.16,0.023,0.159,0.245,0.222,0.029,0.548,0.332,0.279,0.041,0.334,0.36,0.295,0.126,5.2,8.92,17.886,4.006,9.031,6.792,19.011,2.765,2.792,4.379,13.922,2.408,4.837,4.833,12.459,2.102,4.835,5.659,12.443,2.339,4.643,2.831,9.81,1.36,5.104,8.546,17.502,2.557,5.106,8.534,11.573,2.839,6.518,3.617,5.99,2.906,9.615,3.376,10.773,4.637,6.135,6.994,8.591,2.643,3.208,3.135,5.953,4.116,6.742,2.537,9.764,4.019,2.178,2.38,4.489,3.078,5.9,3.376,13.114,1.707
12.5245634001,0.264,0.158,0.159,0.027,5.868,5.835,16.795,2.909,0.148,0.181,0.326,0.078,0.109,0.226,0.233,0.482,0.253,0.298,0.5,0.269,0.325,0.497,0.694,0.443,0.166,0.241,1.132,2.81,0.474,0.355,1.878,4.262,0.295,0.371,1.017,1.91,0.572,0.353,1.358,3.652,0.156,0.14,0.356,0.048,0.16,0.069,0.123,0.031,0.125,0.19,0.108,0.058,0.109,0.113,0.164,0.024,0.186,0.228,0.212,0.03,0.598,0.338,0.297,0.046,0.353,0.383,0.313,0.13,5.783,9.901,17.556,3.749,8.901,7.164,18.771,3.058,2.791,4.771,16.205,2.267,5.969,5.083,12.569,2.101,4.369,5.847,13.559,2.378,5.335,2.663,9.681,1.359,5.36,9.16,17.723,2.478,4.779,8.894,13.364,2.72,5.72,3.432,5.821,3.014,10.599,3.717,10.031,4.471,5.903,7.561,9.327,2.615,3.421,3.433,5.771,3.87,7.56,2.669,8.965,3.932,1.816,2.693,4.282,3.154,7.213,3.358,12.012,1.757
12.6440719001,0.316,0.177,0.157,0.027,6.042,5.693,17.673,2.887,0.188,0.173,0.314,0.075,0.124,0.244,0.241,0.47,0.219,0.29,0.513,0.265,0.361,0.52,0.714,0.446,0.122,0.23,1.245,2.793,0.555,0.364,1.82,4.268,0.263,0.38,1.018,1.881,0.625,0.333,1.297,3.698,0.12,0.141,0.327,0.049,0.183,0.083,0.164,0.036,0.138,0.207,0.113,0.064,0.083,0.127,0.167,0.025,0.22,0.205,0.202,0.032,0.593,0.333,0.326,0.054,0.352,0.38,0.32,0.132,6.316,10.597,16.891,3.434,8.841,7.496,18.524,3.27,2.834,4.79,18.66,2.159,6.546,4.938,13.148,2.059,3.977,5.727,15.39,2.397,5.833,2.429,9.409,1.379,5.372,9.072,17.216,2.396,4.456,8.712,14.396,2.594,5.072,3.068,5.746,3.143,10.162,4.087,8.886,4.408,5.724,7.587,9.576,2.632,3.695,3.793,5.712,3.624,7.604,2.985,8.241,3.891,1.586,2.974,4.157,3.139,8.171,3.504,10.945,1.911
12.7788557,0.355,0.19,0.159,0.027,5.853,5.186,18.147,2.89,0.24,0.153,0.299,0.072,0.146,0.25,0.246,0.461,0.195,0.268,0.536,0.258,0.367,0.495,0.689,0.459,0.098,0.221,1.372,2.756,0.64,0.387,1.792,4.22,0.245,0.396,1.02,1.834,0.67,0.338,1.294,3.671,0.098,0.135,0.304,0.048,0.208,0.098,0.207,0.041,0.153,0.208,0.116,0.064,0.082,0.133,0.169,0.025,0.25,0.186,0.198,0.037,0.535,0.319,0.361,0.063,0.343,0.343,0.318,0.127,6.608,10.782,16.042,3.135,8.709,7.595,18.202,3.382,2.92,4.382,20.572,2.109,6.424,4.425,13.951,2.002,3.75,5.215,17.424,2.398,5.99,2.2,8.979,1.427,5.104,8.242,15.982,2.335,4.234,7.908,14.238,2.513,4.696,2.653,5.872,3.234,8.957,4.308,7.678,4.463,5.701,7.01,9.291,2.679,3.972,3.996,5.7,3.464,7.223,3.268,7.717,3.922,1.572,3.124,4.153,3.045,8.417,3.617,10.238,2.129
12.8988257,0.372,0.189,0.162,0.027,5.39,4.542,18.029,2.908,0.296,0.134,0.285,0.069,0.167,0.24,0.241,0.459,0.19,0.242,0.556,0.25,0.342,0.438,0.627,0.475,0.1,0.219,1.48,2.719,0.721,0.422,1.782,4.134,0.249,0.408,1.018,1.783,0.691,0.382,1.34,3.584,0.086,0.121,0.283,0.045,0.226,0.109,0.242,0.045,0.165,0.194,0.117,0.057,0.106,0.127,0.172,0.027,0.263,0.176,0.203,0.043,0.446,0.296,0.389,0.069,0.343,0.277,0.306,0.116,6.663,10.456,15.05,2.935,8.176,7.471,17.649,3.416,2.994,3.762,21.313,2.141,5.756,3.741,14.571,1.953,3.7,4.426,18.986,2.391,5.776,2.11,8.467,1.499,4.607,7.108,14.298,2.315,4.223,6.761,13.096,2.497,4.786,2.413,6.26,3.242,6.98,4.401,6.75,4.623,5.984,6.13,8.807,2.71,4.06,3.959,5.666,3.431,6.224,3.48,7.459,4.026,1.836,3.134,4.261,2.915,7.924,3.646,10.099,2.362
13.0189099,0.366,0.172,0.163,0.026,4.794,4.084,17.262,2.925,0.344,0.127,0.272,0.068,0.184,0.213,0.227,0.467,0.207,0.225,0.556,0.243,0.301,0.377,0.547,0.491,0.129,0.235,1.532,2.71,0.77,0.469,1.757,4.043,0.267,0.426,1.007,1.747,0.675,0.483,1.406,3.475,0.078,0.108,0.255,0.04,0.233,0.112,0.26,0.048,0.168,0.169,0.111,0.046,0.149,0.111,0.177,0.029,0.254,0.17,0.214,0.05,0.352,0.27,0.397,0.072,0.364,0.199,0.288,0.101,6.68,9.759,13.934,2.88,7.504,7.25,16.684,3.414,2.982,3.258,20.571,2.251,4.995,3.177,14.663,1.924,3.915,3.598,19.484,2.38,5.303,2.285,8.093,1.586,3.997,6.423,12.664,2.343,4.41,5.78,11.655,2.52,5.403,2.614,6.872,3.146,5.118,4.597,6.324,4.833,6.678,5.467,8.634,2.676,4.066,3.835,5.643,3.503,5.23,3.822,7.506,4.161,2.355,3.114,4.448,2.797,6.66,3.742,10.456,2.565
13.1547855,0.344,0.144,0.158,0.025,4.264,4.08,16.077,2.917,0.374,0.139,0.252,0.068,0.194,0.178,0.215,0.493,0.244,0.227,0.538,0.238,0.262,0.346,0.474,0.501,0.179,0.279,1.514,2.748,0.776,0.534,1.697,3.987,0.285,0.464,0.983,1.745,0.628,0.647,1.462,3.388,0.072,0.099,0.221,0.035,0.227,0.103,0.257,0.051,0.163,0.14,0.103,0.034,0.202,0.095,0.182,0.032,0.227,0.165,0.223,0.057,0.276,0.243,0.383,0.071,0.406,0.129,0.267,0.086,6.825,8.844,12.789,2.96,6.89,7.044,15.336,3.405,2.835,3.129,18.618,2.4,4.582,3.027,14.174,1.912,4.307,3.053,18.761,2.356,4.738,2.768,8.073,1.677,3.412,6.799,11.67,2.399,4.723,5.411,10.591,2.538,6.396,3.413,7.621,2.957,3.625,5.131,6.435,5.016,7.691,5.469,9.108,2.556,3.96,3.863,5.735,3.601,4.307,4.524,7.878,4.264,3.005,3.222,4.705,2.718,5.046,4.08,11.035,2.71
13.2753679,0.316,0.114,0.142,0.025,3.825,4.557,14.822,2.878,0.375,0.165,0.222,0.071,0.202,0.148,0.217,0.539,0.294,0.254,0.513,0.239,0.237,0.362,0.421,0.503,0.243,0.356,1.444,2.826,0.731,0.609,1.603,3.992,0.293,0.532,0.947,1.786,0.567,0.846,1.503,3.354,0.069,0.1,0.183,0.03,0.213,0.087,0.234,0.051,0.151,0.114,0.093,0.025,0.252,0.089,0.187,0.035,0.19,0.154,0.227,0.062,0.228,0.219,0.352,0.067,0.45,0.083,0.245,0.074,7.334,7.898,11.719,3.135,6.588,6.846,13.819,3.392,2.571,3.423,16.077,2.544,4.713,3.389,13.472,1.911,4.751,2.995,17.133,2.312,4.219,3.471,8.549,1.756,2.958,8.284,11.747,2.458,5.064,5.767,10.249,2.511,7.405,4.703,8.32,2.728,2.772,6.02,6.999,5.106,8.752,6.211,10.175,2.375,3.823,4.166,6.082,3.639,3.665,5.609,8.637,4.28,3.577,3.533,5.0,2.672,3.443,4.753,11.539,2.783
13.394064,0.291,0.088,0.119,0.025,3.549,5.3,13.948,2.812,0.346,0.194,0.186,0.076,0.216,0.135,0.245,0.602,0.343,0.305,0.496,0.245,0.23,0.42,0.396,0.496,0.303,0.456,1.358,2.917,0.65,0.69,1.501,4.057,0.29,0.624,0.907,1.86,0.507,1.034,1.543,3.378,0.071,0.111,0.155,0.028,0.197,0.069,0.2,0.05,0.133,0.093,0.086,0.019,0.287,0.102,0.197,0.039,0.152,0.139,0.225,0.066,0.209,0.201,0.32,0.061,0.471,0.066,0.221,0.067,8.172,7.141,10.886,3.342,6.489,6.597,12.538,3.351,2.241,4.01,13.77,2.647,5.227,4.195,13.086,1.914,5.007,3.475,15.326,2.248,3.825,4.245,9.437,1.812,2.646,10.351,12.866,2.495,5.326,6.721,10.473,2.427,7.993,6.163,8.772,2.519,2.411,7.034,7.773,5.089,9.503,7.436,11.37,2.19,3.596,4.678,6.692,3.577,3.234,6.811,9.674,4.203,3.866,4.0,5.282,2.627,2.175,5.64,11.751,2.794
13.5289996,0.272,0.074,0.098,0.025,3.41,6.028,13.741,2.731,0.293,0.212,0.153,0.081,0.24,0.146,0.305,0.671,0.377,0.365,0.492,0.254,0.238,0.496,0.391,0.477,0.341,0.557,1.278,2.993,0.559,0.778,1.424,4.159,0.286,0.725,0.868,1.938,0.459,1.174,1.583,3.435,0.08,0.129,0.14,0.027,0.188,0.058,0.164,0.048,0.113,0.079,0.082,0.017,0.306,0.133,0.214,0.042,0.12,0.127,0.218,0.065,0.206,0.193,0.297,0.054,0.462,0.071,0.191,0.064,9.053,6.803,10.45,3.524,6.508,6.339,11.798,3.253,1.954,4.748,12.292,2.693,5.846,5.305,13.332,1.925,5.026,4.488,14.022,2.17,3.528,4.971,10.42,1.835,2.509,12.277,14.544,2.5,5.526,8.016,10.819,2.302,7.916,7.379,8.877,2.38,2.364,7.849,8.45,5.009,9.752,8.739,12.135,2.057,3.262,5.221,7.417,3.438,2.917,7.767,10.714,4.079,3.763,4.482,5.512,2.55,1.345,6.5,11.633,2.767
13.6490576001,0.257,0.072,0.085,0.025,3.427,6.651,14.07,2.666,0.231,0.214,0.128,0.086,0.276,0.176,0.387,0.731,0.383,0.415,0.496,0.259,0.251,0.562,0.404,0.446,0.348,0.647,1.217,3.038,0.478,0.893,1.396,4.266,0.294,0.825,0.839,1.985,0.423,1.261,1.615,3.496,0.094,0.151,0.137,0.028,0.194,0.057,0.134,0.044,0.096,0.075,0.08,0.017,0.318,0.178,0.235,0.045,0.099,0.125,0.205,0.061,0.209,0.2,0.287,0.049,0.428,0.091,0.156,0.062,9.777,7.024,10.374,3.669,6.447,6.301,11.614,3.11,1.89,5.582,11.712,2.696,6.302,6.686,14.147,1.953,4.96,6.13,13.494,2.099,3.253,5.661,11.152,1.822,2.573,13.69,16.11,2.487,5.674,9.38,10.877,2.177,7.234,8.003,8.696,2.334,2.48,8.227,8.804,4.938,9.435,9.738,12.145,2.009,2.818,5.604,8.01,3.288,2.661,8.251,11.455,3.97,3.322,4.809,5.659,2.431,0.932,7.166,11.311,2.732
13.7690744001,0.241,0.082,0.079,0.025,3.605,7.345,14.692,2.656,0.182,0.201,0.114,0.09,0.316,0.212,0.474,0.768,0.356,0.437,0.496,0.254,0.261,0.603,0.436,0.41,0.321,0.732,1.185,3.057,0.42,1.074,1.422,4.346,0.317,0.927,0.832,1.978,0.396,1.327,1.642,3.538,0.114,0.172,0.145,0.029,0.214,0.067,0.111,0.038,0.085,0.083,0.08,0.018,0.332,0.227,0.257,0.047,0.087,0.137,0.187,0.054,0.208,0.216,0.284,0.046,0.382,0.118,0.12,0.059,10.283,7.708,10.409,3.814,6.195,6.756,11.787,2.965,2.145,6.562,11.694,2.695,6.355,8.431,15.228,1.996,5.021,8.505,13.671,2.053,2.899,6.425,11.434,1.773,2.759,14.776,17.164,2.475,5.798,10.646,10.599,2.087,6.158,7.896,8.389,2.38,2.659,8.124,8.749,4.928,8.625,10.242,11.504,2.047,2.348,5.741,8.222,3.18,2.437,8.268,11.638,3.917,2.663,4.864,5.692,2.286,0.836,7.618,10.958,2.716
13.9050725,0.22,0.098,0.079,0.024,3.9,8.286,15.388,2.712,0.159,0.181,0.11,0.092,0.349,0.243,0.547,0.778,0.304,0.423,0.477,0.236,0.264,0.614,0.483,0.376,0.273,0.831,1.187,3.059,0.378,1.333,1.492,4.385,0.348,1.038,0.855,1.917,0.386,1.414,1.67,3.55,0.135,0.191,0.154,0.031,0.238,0.087,0.096,0.033,0.079,0.102,0.082,0.019,0.355,0.269,0.274,0.049,0.087,0.159,0.164,0.043,0.205,0.238,0.278,0.045,0.34,0.148,0.092,0.057,10.573,8.632,10.306,3.992,5.882,7.778,12.074,2.869,2.692,7.716,11.804,2.719,6.055,10.538,16.226,2.039,5.388,11.451,14.303,2.034,2.49,7.325,11.295,1.699,3.008,15.9,17.586,2.482,5.861,11.726,10.21,2.048,5.006,7.225,8.089,2.5,2.899,7.736,8.308,4.996,7.519,10.31,10.579,2.146,1.978,5.716,7.927,3.125,2.366,8.034,11.191,3.919,1.968,4.696,5.597,2.141,0.949,7.951,10.695,2.734
14.0248272,0.193,0.114,0.08,0.022,4.114,9.43,16.06,2.799,0.165,0.162,0.112,0.094,0.363,0.26,0.595,0.764,0.243,0.378,0.434,0.21,0.261,0.606,0.53,0.35,0.216,0.958,1.224,3.051,0.343,1.639,1.585,4.388,0.372,1.152,0.907,1.824,0.401,1.539,1.712,3.539,0.154,0.204,0.163,0.034,0.254,0.109,0.087,0.028,0.076,0.13,0.087,0.02,0.384,0.294,0.284,0.049,0.1,0.182,0.139,0.032,0.207,0.265,0.262,0.046,0.309,0.172,0.072,0.056,10.471,9.591,9.95,4.194,5.591,9.171,12.304,2.857,3.366,8.933,11.791,2.767,5.508,12.723,16.887,2.056,6.044,14.408,15.16,2.031,2.102,8.285,10.936,1.608,3.218,17.196,17.486,2.505,5.863,12.519,10.014,2.057,4.054,6.383,7.858,2.656,3.145,7.411,7.645,5.107,6.394,10.117,9.771,2.272,1.791,5.758,7.259,3.09,2.464,7.896,10.347,3.942,1.38,4.513,5.428,2.012,1.222,8.317,10.598,2.777
14.1440664,0.161,0.122,0.078,0.021,4.07,10.408,16.733,2.868,0.189,0.148,0.116,0.095,0.351,0.258,0.612,0.736,0.194,0.317,0.373,0.182,0.255,0.589,0.571,0.338,0.169,1.096,1.299,3.035,0.312,1.902,1.69,4.372,0.377,1.242,0.98,1.727,0.455,1.669,1.775,3.522,0.171,0.206,0.173,0.036,0.252,0.128,0.085,0.025,0.073,0.16,0.1,0.021,0.408,0.298,0.282,0.049,0.124,0.194,0.114,0.023,0.218,0.294,0.238,0.048,0.29,0.186,0.064,0.057,10.143,10.386,9.543,4.383,5.46,10.414,12.447,2.938,4.006,9.834,11.682,2.821,4.957,14.402,17.148,2.033,6.764,16.491,16.098,2.036,1.901,9.07,10.616,1.504,3.362,18.334,17.124,2.519,5.752,12.857,10.172,2.095,3.433,5.724,7.785,2.805,3.327,7.364,7.081,5.192,5.417,9.778,9.346,2.393,1.796,5.977,6.586,3.035,2.749,8.033,9.565,3.945,0.967,4.473,5.371,1.905,1.58,8.707,10.706,2.828
14.2803914,0.131,0.117,0.072,0.019,3.702,10.78,17.463,2.875,0.213,0.137,0.121,0.095,0.315,0.241,0.603,0.707,0.17,0.255,0.312,0.162,0.247,0.572,0.602,0.338,0.152,1.195,1.394,3.003,0.297,2.02,1.797,4.35,0.359,1.269,1.06,1.649,0.531,1.73,1.844,3.513,0.189,0.194,0.181,0.038,0.231,0.139,0.087,0.023,0.07,0.183,0.12,0.023,0.411,0.278,0.269,0.047,0.154,0.188,0.096,0.016,0.235,0.323,0.215,0.05,0.282,0.185,0.065,0.061,9.481,10.887,9.434,4.503,5.449,10.985,12.567,3.082,4.442,10.01,11.642,2.866,4.48,14.934,17.074,1.975,7.209,16.936,16.963,2.053,2.012,9.378,10.483,1.402,3.489,18.653,16.726,2.505,5.551,12.535,10.66,2.142,3.086,5.375,7.962,2.909,3.431,7.555,6.928,5.203,4.658,9.249,9.344,2.494,1.9,6.27,6.31,2.947,3.225,8.322,9.289,3.916,0.721,4.608,5.649,1.815,1.974,8.926,11.008,2.877
14.3987240001,0.105,0.101,0.062,0.017,3.149,10.312,18.261,2.802,0.221,0.125,0.126,0.094,0.267,0.214,0.575,0.682,0.175,0.205,0.27,0.155,0.237,0.555,0.619,0.351,0.181,1.209,1.48,2.948,0.317,1.939,1.901,4.324,0.324,1.2,1.122,1.598,0.597,1.664,1.9,3.516,0.21,0.171,0.19,0.039,0.196,0.142,0.092,0.024,0.068,0.189,0.146,0.023,0.383,0.237,0.25,0.044,0.18,0.164,0.088,0.013,0.25,0.344,0.2,0.051,0.281,0.171,0.074,0.066,8.656,11.019,9.878,4.501,5.406,10.612,12.722,3.231,4.522,9.303,11.846,2.89,4.107,13.999,16.812,1.92,7.106,15.526,17.649,2.091,2.429,9.024,10.507,1.33,3.59,17.616,16.387,2.47,5.288,11.483,11.257,2.192,2.825,5.242,8.43,2.944,3.357,7.758,7.283,5.15,4.05,8.453,9.591,2.568,1.976,6.427,6.647,2.864,3.702,8.456,9.684,3.883,0.583,4.833,6.361,1.746,2.366,8.753,11.454,2.923
14.5189384001,0.087,0.077,0.051,0.014,2.551,9.078,19.018,2.671,0.209,0.109,0.134,0.092,0.22,0.185,0.534,0.659,0.197,0.172,0.267,0.161,0.226,0.535,0.619,0.374,0.257,1.115,1.532,2.873,0.377,1.674,1.989,4.292,0.283,1.04,1.149,1.575,0.626,1.464,1.921,3.524,0.233,0.148,0.2,0.04,0.157,0.139,0.1,0.024,0.068,0.176,0.17,0.023,0.324,0.185,0.232,0.04,0.198,0.129,0.091,0.011,0.251,0.349,0.19,0.049,0.277,0.146,0.09,0.07,7.759,10.765,10.897,4.361,5.178,9.41,12.977,3.338,4.246,7.882,12.307,2.895,3.68,11.797,16.502,1.912,6.348,12.696,18.103,2.166,3.0,8.049,10.55,1.308,3.728,15.212,16.027,2.442,4.95,9.845,11.653,2.248,2.528,5.118,9.126,2.916,3.132,7.732,7.976,5.087,3.453,7.393,9.818,2.611,1.95,6.223,7.491,2.842,4.1,8.138,10.548,3.894,0.492,4.985,7.424,1.713,2.735,8.104,12.03,2.968
14.6400991001,0.08,0.052,0.045,0.011,2.12,7.423,19.505,2.542,0.181,0.096,0.143,0.088,0.185,0.16,0.488,0.631,0.222,0.158,0.308,0.181,0.22,0.507,0.601,0.405,0.36,0.936,1.538,2.794,0.464,1.304,2.05,4.248,0.245,0.826,1.132,1.574,0.606,1.185,1.896,3.525,0.255,0.136,0.211,0.041,0.122,0.134,0.107,0.023,0.072,0.148,0.183,0.022,0.248,0.133,0.222,0.035,0.204,0.094,0.099,0.011,0.232,0.33,0.182,0.044,0.265,0.118,0.115,0.074,7.009,10.205,12.214,4.115,4.777,7.804,13.316,3.376,3.729,6.161,12.845,2.894,3.223,8.945,16.196,1.982,5.151,9.334,18.311,2.282,3.513,6.709,10.496,1.345,3.814,12.028,15.471,2.458,4.555,7.963,11.63,2.309,2.252,4.84,9.863,2.853,2.791,7.342,8.631,5.083,2.847,6.2,9.814,2.619,1.832,5.585,8.506,2.92,4.278,7.269,11.418,3.978,0.431,4.928,8.56,1.743,3.088,7.109,12.721,3.01
14.7749156001,0.089,0.033,0.045,0.009,1.942,5.776,19.516,2.469,0.148,0.093,0.154,0.085,0.166,0.14,0.439,0.594,0.239,0.159,0.391,0.214,0.223,0.464,0.563,0.441,0.458,0.721,1.498,2.738,0.552,0.935,2.078,4.198,0.213,0.612,1.067,1.588,0.56,0.905,1.812,3.516,0.268,0.138,0.219,0.042,0.096,0.129,0.112,0.022,0.078,0.112,0.181,0.021,0.174,0.091,0.216,0.031,0.2,0.068,0.112,0.012,0.196,0.288,0.17,0.036,0.248,0.099,0.144,0.076,6.594,9.483,13.406,3.815,4.321,6.305,13.663,3.345,3.147,4.598,13.196,2.901,2.642,6.203,15.876,2.122,3.842,6.393,18.305,2.42,3.785,5.325,10.353,1.425,3.899,8.93,14.603,2.542,4.092,6.195,11.186,2.358,2.186,4.36,10.384,2.792,2.461,6.654,8.919,5.177,2.316,5.043,9.511,2.589,1.701,4.679,9.326,3.081,4.335,6.049,11.867,4.131,0.413,4.627,9.413,1.842,3.448,6.018,13.485,3.042
14.8939230001,0.114,0.024,0.052,0.008,2.045,4.443,19.133,2.469,0.117,0.099,0.162,0.082,0.161,0.13,0.389,0.552,0.243,0.175,0.493,0.255,0.229,0.402,0.511,0.475,0.522,0.523,1.42,2.723,0.61,0.652,2.084,4.153,0.191,0.444,0.975,1.61,0.506,0.682,1.691,3.502,0.265,0.15,0.22,0.045,0.078,0.126,0.115,0.021,0.084,0.078,0.165,0.021,0.118,0.065,0.217,0.027,0.19,0.056,0.125,0.015,0.155,0.23,0.159,0.028,0.235,0.095,0.175,0.075,6.511,8.751,14.207,3.518,3.906,5.172,13.991,3.263,2.657,3.487,13.255,2.909,2.094,4.127,15.582,2.289,2.766,4.421,18.211,2.54,3.758,4.117,10.285,1.511,3.81,6.589,13.634,2.682,3.577,4.775,10.545,2.383,2.417,3.744,10.516,2.772,2.237,5.848,8.763,5.342,1.959,4.051,9.01,2.535,1.639,3.765,9.742,3.258,4.306,4.794,11.755,4.3,0.447,4.146,9.725,1.994,3.845,5.045,14.281,3.046
15.0290182,0.151,0.026,0.063,0.009,2.389,3.509,18.61,2.526,0.096,0.108,0.167,0.08,0.165,0.131,0.337,0.513,0.236,0.196,0.589,0.299,0.23,0.324,0.456,0.501,0.538,0.377,1.341,2.749,0.619,0.495,2.092,4.122,0.176,0.342,0.889,1.638,0.475,0.536,1.577,3.494,0.245,0.161,0.212,0.047,0.069,0.125,0.121,0.023,0.09,0.055,0.143,0.022,0.086,0.053,0.216,0.025,0.177,0.057,0.136,0.02,0.122,0.172,0.156,0.022,0.234,0.107,0.199,0.072,6.434,8.187,14.593,3.289,3.625,4.434,14.325,3.161,2.302,2.857,13.05,2.916,1.579,2.931,15.426,2.42,2.095,3.435,18.15,2.609,3.496,3.223,10.511,1.56,3.696,5.249,12.975,2.844,3.083,3.793,9.99,2.389,2.937,3.139,10.287,2.831,2.165,5.146,8.475,5.497,1.871,3.299,8.498,2.493,1.684,3.096,9.834,3.372,4.339,3.834,11.405,4.403,0.555,3.61,9.473,2.172,4.312,4.296,15.081,3.005
15.1487186,0.187,0.033,0.072,0.01,2.826,2.865,18.161,2.603,0.087,0.114,0.171,0.078,0.17,0.143,0.288,0.488,0.22,0.215,0.651,0.336,0.219,0.241,0.418,0.518,0.508,0.29,1.283,2.796,0.582,0.46,2.12,4.109,0.171,0.306,0.839,1.666,0.472,0.453,1.517,3.493,0.215,0.163,0.197,0.049,0.065,0.125,0.134,0.03,0.099,0.043,0.12,0.025,0.077,0.051,0.214,0.024,0.163,0.063,0.141,0.027,0.102,0.127,0.172,0.019,0.247,0.13,0.213,0.066,6.327,7.882,14.646,3.174,3.514,3.929,14.624,3.065,2.026,2.538,12.663,2.93,1.224,2.477,15.496,2.467,1.813,3.031,18.128,2.619,3.129,2.692,11.093,1.549,3.466,4.802,12.917,3.0,2.738,3.19,9.655,2.389,3.618,2.664,9.801,2.985,2.151,4.713,8.539,5.56,2.063,2.788,8.073,2.504,1.824,2.818,9.844,3.375,4.425,3.356,11.316,4.381,0.732,3.141,8.805,2.347,4.812,3.81,15.813,2.918
15.2695443,0.214,0.041,0.077,0.011,3.161,2.393,17.88,2.655,0.089,0.111,0.173,0.076,0.175,0.16,0.243,0.481,0.201,0.225,0.661,0.356,0.201,0.17,0.408,0.527,0.452,0.255,1.261,2.833,0.515,0.515,2.158,4.107,0.174,0.32,0.842,1.683,0.49,0.413,1.517,3.496,0.185,0.157,0.178,0.048,0.062,0.123,0.152,0.042,0.114,0.04,0.106,0.028,0.085,0.052,0.206,0.024,0.152,0.068,0.142,0.034,0.095,0.101,0.206,0.021,0.269,0.152,0.211,0.06,5.948,7.867,14.521,3.167,3.606,3.533,14.831,2.99,1.814,2.33,12.226,2.943,1.025,2.481,15.73,2.412,1.767,2.794,18.027,2.581,2.788,2.483,11.868,1.479,3.258,4.851,13.416,3.12,2.623,2.872,9.477,2.412,4.286,2.374,9.177,3.209,2.067,4.597,9.252,5.496,2.464,2.509,7.716,2.597,2.003,2.922,9.978,3.274,4.566,3.354,11.799,4.227,0.958,2.796,7.963,2.499,5.207,3.515,16.344,2.807
15.4059118,0.225,0.05,0.076,0.012,3.271,2.043,17.622,2.667,0.101,0.099,0.173,0.075,0.176,0.176,0.209,0.493,0.18,0.224,0.622,0.354,0.18,0.125,0.426,0.531,0.391,0.256,1.265,2.843,0.445,0.611,2.177,4.113,0.192,0.358,0.889,1.687,0.505,0.39,1.559,3.497,0.166,0.152,0.163,0.045,0.064,0.118,0.172,0.053,0.134,0.041,0.098,0.031,0.1,0.054,0.193,0.026,0.148,0.069,0.138,0.038,0.101,0.093,0.244,0.025,0.291,0.166,0.201,0.055,5.381,8.086,14.406,3.235,3.881,3.241,14.919,2.938,1.645,2.168,11.854,2.952,0.982,2.636,15.984,2.275,1.818,2.521,17.672,2.526,2.533,2.493,12.561,1.373,3.012,4.987,14.245,3.183,2.795,2.772,9.319,2.485,4.79,2.311,8.587,3.44,1.87,4.703,10.541,5.335,2.928,2.45,7.391,2.767,2.188,3.321,10.303,3.127,4.654,3.69,12.826,3.996,1.204,2.613,7.228,2.621,5.346,3.343,16.602,2.713
15.5270769,0.219,0.059,0.075,0.013,3.153,1.856,17.188,2.666,0.118,0.083,0.168,0.075,0.17,0.188,0.184,0.514,0.159,0.214,0.553,0.329,0.162,0.107,0.461,0.537,0.343,0.286,1.296,2.827,0.394,0.715,2.163,4.113,0.228,0.401,0.964,1.686,0.499,0.383,1.621,3.488,0.157,0.156,0.153,0.04,0.078,0.11,0.186,0.062,0.159,0.044,0.097,0.032,0.115,0.057,0.181,0.028,0.161,0.07,0.129,0.04,0.115,0.094,0.271,0.029,0.307,0.172,0.191,0.053,4.637,8.337,14.336,3.346,4.238,3.081,14.943,2.91,1.608,2.067,11.606,2.96,1.049,2.808,16.223,2.102,1.859,2.291,17.084,2.487,2.341,2.644,13.024,1.269,2.836,5.044,15.207,3.185,3.162,2.774,9.111,2.606,5.079,2.433,8.135,3.601,1.643,4.819,11.986,5.164,3.309,2.562,7.078,2.964,2.371,3.788,10.697,3.006,4.744,4.11,14.08,3.778,1.458,2.543,6.759,2.708,5.162,3.217,16.628,2.669
